id,title,cash_back,category,url,image_url,page_scraped
3633,Coffee Bloom Ağ Çiçəyim,7%,Рестораны,https://www.rabitabank.com/castnye-klienty/partnery/coffee-bloom-ag-ciceyim-ru,https://www.rabitabank.com/resized/resize0x100/center/pages/3633/screenshot-2026-01-12-at-103740.png,1
3660,TULIP accessories,5%,Одежда и аксессуары,https://www.rabitabank.com/castnye-klienty/partnery/tupil-accessories-ru,https://www.rabitabank.com/resized/resize0x100/center/pages/3660/img-20260130-wa0014.jpg,1
3659,Paqala Greekfood 2,5%,Рестораны,https://www.rabitabank.com/castnye-klienty/partnery/paqala-greekfood-ru,https://www.rabitabank.com/resized/resize0x100/center/pages/3659/img-20260128-wa0014.jpg,1
3650,İstea Lounge Baku,5%,Рестораны,https://www.rabitabank.com/castnye-klienty/partnery/istea-lounge-baku-ru,https://www.rabitabank.com/resized/resize0x100/center/pages/3650/screenshot-2026-02-03-at-164514.png,1
3649,Le secret perfume,5%,Kрасотa и здоровье,https://www.rabitabank.com/castnye-klienty/partnery/le-secret-perfume-ru,https://www.rabitabank.com/resized/resize0x100/center/pages/3649/screenshot-2026-02-03-at-164020.png,1
3629,X Parfum 1,5%,Kрасотa и здоровье,https://www.rabitabank.com/castnye-klienty/partnery/x-parfum-1-ru,https://www.rabitabank.com/resized/resize0x100/center/pages/3629/img-20251222-wa0014.jpg,1
3628,German Cup,5%,Рестораны,https://www.rabitabank.com/castnye-klienty/partnery/german-cup-ru-3628,https://www.rabitabank.com/resized/resize0x100/center/pages/3627/screenshot-2025-12-29-at-102348.png,1
3623,Nurano Coffee,5%,Рестораны,https://www.rabitabank.com/castnye-klienty/partnery/nurano-coffee-ru,https://www.rabitabank.com/resized/resize0x100/center/pages/3623/nurana.png,1
3615,Biskvitto.az,5%,Рестораны,https://www.rabitabank.com/castnye-klienty/partnery/biskvittoaz-ru,https://www.rabitabank.com/resized/resize0x100/center/pages/3615/biskvitto-logos-page-0001.jpg,1
3611,Picasso Coffee & Art,5%,Рестораны,https://www.rabitabank.com/castnye-klienty/partnery/picasso-coffee-art-ru,https://www.rabitabank.com/resized/resize0x100/center/pages/3611/picasso.png,1
3606,Caffetto,2%,Рестораны,https://www.rabitabank.com/castnye-klienty/partnery/caffetto-ru,https://www.rabitabank.com/resized/resize0x100/center/pages/3606/img-20251126-wa0052.jpg,1
3605,Kahve Dükkanı Azerbaijan,2%,Рестораны,https://www.rabitabank.com/castnye-klienty/partnery/kahve-dukkan-azerbaijan-ru,https://www.rabitabank.com/resized/resize0x100/center/pages/3605/screenshot-2025-11-27-at-172329.png,1
3604,XG Café (Book-Coffee-Meetup),2%,Рестораны,https://www.rabitabank.com/castnye-klienty/partnery/xg-cafe-ru,https://www.rabitabank.com/resized/resize0x100/center/pages/3604/xg-logo-3ai.png,1
3601,Dortini Sweet House,2%,Рестораны,https://www.rabitabank.com/castnye-klienty/partnery/dortini-sweet-house-ru,https://www.rabitabank.com/resized/resize0x100/center/pages/3601/img-20251107-wa0011.jpg,1
3598,CAFFECINO,2%,Рестораны,https://www.rabitabank.com/castnye-klienty/partnery/caffecino-ru,https://www.rabitabank.com/resized/resize0x100/center/pages/3598/screenshot-2025-11-27-at-164934.png,1
3562,Balique.az,5%,Покупка,https://www.rabitabank.com/castnye-klienty/partnery/balique-ru,https://www.rabitabank.com/resized/resize0x100/center/pages/3562/logo-1-0.png,1
3562,Balique.az,5%,Покупка,https://www.rabitabank.com/castnye-klienty/partnery/balique-ru,https://www.rabitabank.com/resized/resize0x100/center/pages/3562/logo-1-0.png,2
2538,Boss Restaurant and Lounge,5%,Рестораны,https://www.rabitabank.com/castnye-klienty/partnery/boss-restaurant-and-lounge3,https://www.rabitabank.com/resized/resize0x100/center/pages/2538/logo-boss.jpg,2
1730,Dünyagöz klinikası,5%,Клиники,https://www.rabitabank.com/castnye-klienty/partnery/dunyagoz-klinikasi-3,https://www.rabitabank.com/resized/resize0x100/center/pages/1730/56c0b96b03d85d157fdb3fc306ed46c8.jpg,2
1555,Günaydın Restoranı,5%,Рестораны,https://www.rabitabank.com/castnye-klienty/partnery/gunaydin-restorani-3,https://www.rabitabank.com/resized/resize0x100/center/pages/1555/gunaydinn.png,2
3645,Light Coffee,3%,Рестораны,https://www.rabitabank.com/castnye-klienty/partnery/light-coffee-ru,https://www.rabitabank.com/resized/resize0x100/center/pages/3645/screenshot-2026-02-03-at-161943.png,2
3630,The Fit,3%,Kрасотa и здоровье,https://www.rabitabank.com/castnye-klienty/partnery/the-fit-ru,https://www.rabitabank.com/resized/resize0x100/center/pages/3630/screenshot-2025-12-29-at-104539.png,2
3625,Sushi Home Az,3%,Рестораны,https://www.rabitabank.com/castnye-klienty/partnery/sushi-home-az-ru,https://www.rabitabank.com/resized/resize0x100/center/pages/3625/img-20251212-wa0008.jpg,2
3622,Biskvitto.az-3622,3%,Подарки,https://www.rabitabank.com/castnye-klienty/partnery/narina-flowers-shop-ru,https://www.rabitabank.com/resized/resize0x100/center/pages/3622/narina.jpg,2
3610,Ratatouille Baku,3%,Рестораны,https://www.rabitabank.com/castnye-klienty/partnery/ratatouille-baku-ru,https://www.rabitabank.com/resized/resize0x100/center/pages/3610/ratatouille.png,2
1847,189 taxi,3%,Tакси,https://www.rabitabank.com/castnye-klienty/partnery/189-taxi-3,https://www.rabitabank.com/resized/resize0x100/center/pages/1847/189.png,2
1760,Lavazza,3%,Рестораны,https://www.rabitabank.com/castnye-klienty/partnery/lavazza-3,https://www.rabitabank.com/resized/resize0x100/center/pages/1760/lavazza.png,2
3648,Cinema Clab Acedemy,2%,Развлечения,https://www.rabitabank.com/castnye-klienty/partnery/cinema-clab-academy-ru,https://www.rabitabank.com/resized/resize0x100/center/pages/3647/img-20260115-wa0013.jpg,2
3647,PEN1ONE AZƏRBAYCAN,2%,Автосервис,https://www.rabitabank.com/castnye-klienty/partnery/pen1one-azerbaycan-ru,https://www.rabitabank.com/resized/resize0x100/center/pages/3647/screenshot-2026-02-03-at-163035.png,2
3646,Bona Coffee,2%,Рестораны,https://www.rabitabank.com/castnye-klienty/partnery/bona-coffee-ru,https://www.rabitabank.com/resized/resize0x100/center/pages/3646/screenshot-2026-02-03-at-162319.png,2
3634,Onurğa Mərkəzi,2%,Клиники,https://www.rabitabank.com/castnye-klienty/partnery/onurga-merkezi-ru,https://www.rabitabank.com/resized/resize0x100/center/pages/3634/img-2801.jpg,2
3632,Medikal Estetik (Pilates mərkəzi),2%,Клиники,https://www.rabitabank.com/castnye-klienty/partnery/medikal-estetik-ru,https://www.rabitabank.com/resized/resize0x100/center/pages/3632/img-4920.jpg,2
3631,Colmp Coffee,2%,Рестораны,https://www.rabitabank.com/castnye-klienty/partnery/colmp-coffee-ru,https://www.rabitabank.com/resized/resize0x100/center/pages/3631/img-20260109-wa0044.jpg,2
3627,UnsTOP’s | Sağlam Barlar və Enerji Topları,2%,Покупка,https://www.rabitabank.com/castnye-klienty/partnery/unstops-ru,https://www.rabitabank.com/resized/resize0x100/center/pages/3627/screenshot-2025-12-29-at-103039.png,2
3626,Quzetti Baku,2%,Рестораны,https://www.rabitabank.com/castnye-klienty/partnery/quzetti-baku-ru,https://www.rabitabank.com/resized/resize0x100/center/pages/3626/img-20251218-wa0027.jpg,3
3614,Coffeeterrium Sumqayıt,2%,Рестораны,https://www.rabitabank.com/castnye-klienty/partnery/coffeeterrium-sumqayit-ru,https://www.rabitabank.com/resized/resize0x100/center/pages/3614/img-20251210-wa0030.jpg,3
3607,Pakhlalı,2%,Кондитерские,https://www.rabitabank.com/castnye-klienty/partnery/pakhlali-ru,https://www.rabitabank.com/resized/resize0x100/center/pages/3607/paxlali-logo.png,3
3606,Caffetto,2%,Рестораны,https://www.rabitabank.com/castnye-klienty/partnery/caffetto-ru,https://www.rabitabank.com/resized/resize0x100/center/pages/3606/img-20251126-wa0052.jpg,3
3605,Kahve Dükkanı Azerbaijan,2%,Рестораны,https://www.rabitabank.com/castnye-klienty/partnery/kahve-dukkan-azerbaijan-ru,https://www.rabitabank.com/resized/resize0x100/center/pages/3605/screenshot-2025-11-27-at-172329.png,3
3604,XG Café (Book-Coffee-Meetup),2%,Рестораны,https://www.rabitabank.com/castnye-klienty/partnery/xg-cafe-ru,https://www.rabitabank.com/resized/resize0x100/center/pages/3604/xg-logo-3ai.png,3
3603,Buns n Blaze,2%,Рестораны,https://www.rabitabank.com/castnye-klienty/partnery/buns-n-blaze-ru,https://www.rabitabank.com/resized/resize0x100/center/pages/3603/img-20251022-wa0016.jpg,3
3601,Dortini Sweet House,2%,Рестораны,https://www.rabitabank.com/castnye-klienty/partnery/dortini-sweet-house-ru,https://www.rabitabank.com/resized/resize0x100/center/pages/3601/img-20251107-wa0011.jpg,3
3600,Freres,2%,Одежда и аксессуары,https://www.rabitabank.com/castnye-klienty/partnery/freres-ru,https://www.rabitabank.com/resized/resize0x100/center/pages/3600/img-5258.png,3
3600,Freres,2%,Одежда и аксессуары,https://www.rabitabank.com/castnye-klienty/partnery/freres-ru,https://www.rabitabank.com/resized/resize0x100/center/pages/3600/img-5258.png,4
3598,CAFFECINO,2%,Рестораны,https://www.rabitabank.com/castnye-klienty/partnery/caffecino-ru,https://www.rabitabank.com/resized/resize0x100/center/pages/3598/screenshot-2025-11-27-at-164934.png,4
3586,Vivaldi Caffe,2%,Рестораны,https://www.rabitabank.com/castnye-klienty/partnery/vivaldi-caffe-ru,https://www.rabitabank.com/resized/resize0x100/center/pages/3586/vivaldi.png,4
3577,Adidas Outlet,2%,Покупка,https://www.rabitabank.com/castnye-klienty/partnery/adidas-outlet-ru,https://www.rabitabank.com/resized/resize0x100/center/pages/3573/adidas-new-logo-1.png,4
3575,OVS,2%,Покупка,https://www.rabitabank.com/castnye-klienty/partnery/ovs-ru,https://www.rabitabank.com/resized/resize0x100/center/pages/3575/ovs-new-logo-1.png,4
3574,LİU JO,2%,Покупка,https://www.rabitabank.com/castnye-klienty/partnery/liujo-ru,https://www.rabitabank.com/resized/resize0x100/center/pages/3574/liujo-1.png,4
3573,Adidas,2%,Покупка,https://www.rabitabank.com/castnye-klienty/partnery/adidas-ru,https://www.rabitabank.com/resized/resize0x100/center/pages/3573/adidas-new-logo-1.png,4
3572,Sisley,2%,Покупка,https://www.rabitabank.com/castnye-klienty/partnery/sisley-ru,https://www.rabitabank.com/resized/resize0x100/center/pages/3572/sisley-logo-1.png,4
3572,Sisley,2%,Покупка,https://www.rabitabank.com/castnye-klienty/partnery/sisley-ru,https://www.rabitabank.com/resized/resize0x100/center/pages/3572/sisley-logo-1.png,5
3571,Tommy Hilfiger,2%,Покупка,https://www.rabitabank.com/castnye-klienty/partnery/tommy-hilfiger-ru,https://www.rabitabank.com/resized/resize0x100/center/pages/3571/tommy-1.png,5
3570,Pablosky,2%,Покупка,https://www.rabitabank.com/castnye-klienty/partnery/pablosky-ru,https://www.rabitabank.com/resized/resize0x100/center/pages/3570/pablosky-new-logo-1.png,5
3569,Coccinelle,2%,Покупка,https://www.rabitabank.com/castnye-klienty/partnery/coccinelle-ru,https://www.rabitabank.com/resized/resize0x100/center/pages/3569/coccinelle-logo-1.png,5
3568,Calvin Klein Underwear,2%,Покупка,https://www.rabitabank.com/castnye-klienty/partnery/calvin-kleinu-underwear-ru,https://www.rabitabank.com/resized/resize0x100/center/pages/3568/calvin-klein-underwear-1-0.png,5
3567,Calvin Klein,2%,Покупка,https://www.rabitabank.com/castnye-klienty/partnery/calvin-klein-ru,https://www.rabitabank.com/resized/resize0x100/center/pages/3567/calvinklein2020-logo-1.png,5
3566,United Colors of Benetton,2%,Покупка,https://www.rabitabank.com/castnye-klienty/partnery/united-colors-of-benetton-ru,https://www.rabitabank.com/resized/resize0x100/center/pages/3566/benetton-logo-bez-fona-1.png,5
3565,Monsoon Accessorize,2%,Одежда и аксессуары,https://www.rabitabank.com/castnye-klienty/partnery/monsoon-accessorize-ru,https://www.rabitabank.com/resized/resize0x100/center/pages/3565/monsoon.png,5
3565,Monsoon Accessorize,2%,Одежда и аксессуары,https://www.rabitabank.com/castnye-klienty/partnery/monsoon-accessorize-ru,https://www.rabitabank.com/resized/resize0x100/center/pages/3565/monsoon.png,6
3563,Kunefe House,2%,Рестораны,https://www.rabitabank.com/castnye-klienty/partnery/kunefehouse-ru,https://www.rabitabank.com/resized/resize0x100/center/pages/3563/img-20251027-wa0014.jpg,6
3562,Balique.az,5%,Покупка,https://www.rabitabank.com/castnye-klienty/partnery/balique-ru,https://www.rabitabank.com/resized/resize0x100/center/pages/3562/logo-1-0.png,6
1746,NLT Telecom,2%,Электроника,https://www.rabitabank.com/castnye-klienty/partnery/nlt-telecom-3,https://www.rabitabank.com/resized/resize0x100/center/pages/1746/nlt-orginal-logo.png,6
1580,Maxi.az,2%,Электроника,https://www.rabitabank.com/castnye-klienty/partnery/maxiaz-3,https://www.rabitabank.com/resized/resize0x100/center/pages/1580/ezgifcom-gif-maker.png,6
1548,My Shops,2%,Электроника,https://www.rabitabank.com/castnye-klienty/partnery/my-shops-3,https://www.rabitabank.com/resized/resize0x100/center/pages/1548/3-my-shops.jpg,6
3651,Bağban Flowers,10%,Подарки,https://www.rabitabank.com/castnye-klienty/partnery/bagban-flowers-ru,https://www.rabitabank.com/resized/resize0x100/center/pages/3651/img-20260127-wa0012.jpg,6
3608,Nano Filter,10%,Покупка,https://www.rabitabank.com/castnye-klienty/partnery/nano-filter-ru,https://www.rabitabank.com/resized/resize0x100/center/pages/3608/screenshot-2025-11-28-at-112859.png,6
3656,SmartOn,1.5%,Электроника,https://www.rabitabank.com/castnye-klienty/partnery/smarton-ru,https://www.rabitabank.com/resized/resize0x100/center/pages/3656/screenshot-2026-02-10-at-124125-0.png,6
3028,Esshop Baku,9%,Электроника,https://www.rabitabank.com/castnye-klienty/partnery/esshop-baku-ru,https://www.rabitabank.com/resized/resize0x100/center/pages/3028/unknown-1-9.png,6
3096,Dentalshop.az,8%,Клиники,https://www.rabitabank.com/castnye-klienty/partnery/dentalshop-ru,https://www.rabitabank.com/resized/resize0x100/center/pages/3096/135780850-861774991290439-8877341117920638172-n.jpg,6
1969,Hong Kong Chinese Restaurant,8%,Рестораны,https://www.rabitabank.com/castnye-klienty/partnery/hong-kong-chinese-restaurant-3,https://www.rabitabank.com/resized/resize0x100/center/pages/1969/hong-kong.png,6
3453,Newkond-3329-3330-3331-3332-3333-3345-3350-3351-3352-3354-3355-3356-3357-3364-3365-3441-3442-3443-3446-3447-3448-3449-3450-3451-3452-3453,7%,Подарки,https://www.rabitabank.com/castnye-klienty/partnery/newkond-3-3329-3330-3331-3332-3333-3345-3350-3351-3352-3354-3355-3356-3357-3364-3365-3441-3442-3443-3446-3447-3448-3449-3450-3451-3452-3453,https://www.rabitabank.com/resized/resize0x100/center/pages/3453/chee-chak-logo-1.png,6
3167,Leon Pub Restoran,7%,Рестораны,https://www.rabitabank.com/castnye-klienty/partnery/leon-pub-restoran-ru,https://www.rabitabank.com/resized/resize0x100/center/pages/3167/leon.jpg,6
3091,Homely Coffee,7%,Рестораны,https://www.rabitabank.com/castnye-klienty/partnery/homely-coffee-ru,https://www.rabitabank.com/resized/resize0x100/center/pages/3091/homely.jpg,6
3009,Coffee Step.app,7%,,https://www.rabitabank.com/castnye-klienty/partnery/coffee-stepapp-ru,https://www.rabitabank.com/resized/resize0x100/center/pages/3009/unknown-1-4.png,6
3006,Nurlu Klinikası,7%,Клиники,https://www.rabitabank.com/castnye-klienty/partnery/nurlu-klinikasi-ru,https://www.rabitabank.com/resized/resize0x100/center/pages/3006/unknown-1-2.png,6
2953,Orange Cup Coffee Shop,7%,Рестораны,https://www.rabitabank.com/castnye-klienty/partnery/orange-cup-coffee-shop-ru,https://www.rabitabank.com/resized/resize0x100/center/pages/2953/368118233-233366542536318-6345611913435920408-n.jpg,7
2602,Gümüş Butiki,7%,Одежда и аксессуары,https://www.rabitabank.com/castnye-klienty/partnery/gumus11,https://www.rabitabank.com/resized/resize0x100/center/pages/2602/ctyhy.png,7
1515,Bal kimi,7%,Кондитерские,https://www.rabitabank.com/castnye-klienty/partnery/bal-kimi-3,https://www.rabitabank.com/resized/resize0x100/center/pages/1515/bez-nazvaniya-4.jpg,7
1899,Globetour,6%,Турагентствa,https://www.rabitabank.com/castnye-klienty/partnery/globetour-3,https://www.rabitabank.com/resized/resize0x100/center/pages/1899/globetour.jpeg,7
3521,Newkond-3329-3330-3331-3332-3333-3345-3350-3351-3352-3354-3355-3356-3357-3364-3365-3441-3442-3443-3446-3447-3448-3449-3450-3451-3452-3453-3455-3463-3467-3468-3469-3470-3499-3500-3520-3521,5%,Сервисы,https://www.rabitabank.com/castnye-klienty/partnery/newkond-3-3329-3330-3331-3332-3333-3345-3350-3351-3352-3354-3355-3356-3357-3364-3365-3441-3442-3443-3446-3447-3448-3449-3450-3451-3452-3453-3455-3463-3467-3468-3469-3470-3499-3500-3520-3521,https://www.rabitabank.com/resized/resize0x100/center/pages/3521/img-20250905-wa0002.jpg,7
3520,Newkond-3329-3330-3331-3332-3333-3345-3350-3351-3352-3354-3355-3356-3357-3364-3365-3441-3442-3443-3446-3447-3448-3449-3450-3451-3452-3453-3455-3463-3467-3468-3469-3470-3499-3500-3520,5%,Рестораны,https://www.rabitabank.com/castnye-klienty/partnery/newkond-3-3329-3330-3331-3332-3333-3345-3350-3351-3352-3354-3355-3356-3357-3364-3365-3441-3442-3443-3446-3447-3448-3449-3450-3451-3452-3453-3455-3463-3467-3468-3469-3470-3499-3500-3520,https://www.rabitabank.com/resized/resize0x100/center/pages/3520/img-20250903-wa0028.jpg,7
3469,Newkond-3329-3330-3331-3332-3333-3345-3350-3351-3352-3354-3355-3356-3357-3364-3365-3441-3442-3443-3446-3447-3448-3449-3450-3451-3452-3453-3455-3463-3467-3468-3469,5%,Рестораны,https://www.rabitabank.com/castnye-klienty/partnery/newkond-3-3329-3330-3331-3332-3333-3345-3350-3351-3352-3354-3355-3356-3357-3364-3365-3441-3442-3443-3446-3447-3448-3449-3450-3451-3452-3453-3455-3463-3467-3468-3469,https://www.rabitabank.com/resized/resize0x100/center/pages/3469/unknown-1-25.png,7
3449,Newkond-3329-3330-3331-3332-3333-3345-3350-3351-3352-3354-3355-3356-3357-3364-3365-3441-3442-3443-3446-3447-3448-3449,5%,Рестораны,https://www.rabitabank.com/castnye-klienty/partnery/newkond-3-3329-3330-3331-3332-3333-3345-3350-3351-3352-3354-3355-3356-3357-3364-3365-3441-3442-3443-3446-3447-3448-3449,https://www.rabitabank.com/resized/resize0x100/center/pages/3449/unknown-3-0.png,7
3447,Newkond-3329-3330-3331-3332-3333-3345-3350-3351-3352-3354-3355-3356-3357-3364-3365-3441-3442-3443-3446-3447,5%,Рестораны,https://www.rabitabank.com/castnye-klienty/partnery/newkond-3-3329-3330-3331-3332-3333-3345-3350-3351-3352-3354-3355-3356-3357-3364-3365-3441-3442-3443-3446-3447,https://www.rabitabank.com/resized/resize0x100/center/pages/3447/img-20250711-wa0002.jpg,7
3364,Newkond-3329-3330-3331-3332-3333-3345-3350-3351-3352-3354-3355-3356-3357-3364,5%,Ветеринария,https://www.rabitabank.com/castnye-klienty/partnery/newkond-3-3329-3330-3331-3332-3333-3345-3350-3351-3352-3354-3355-3356-3357-3364,https://www.rabitabank.com/resized/resize0x100/center/pages/3364/dogwalkerhome-logo-1.png,7
3357,Newkond-3329-3330-3331-3332-3333-3345-3350-3351-3352-3354-3355-3356-3357,5%,Рестораны,https://www.rabitabank.com/castnye-klienty/partnery/newkond-3-3329-3330-3331-3332-3333-3345-3350-3351-3352-3354-3355-3356-3357,https://www.rabitabank.com/resized/resize0x100/center/pages/3357/sketch-cafe-whiteonblack-1-0.png,7
3356,Newkond-3329-3330-3331-3332-3333-3345-3350-3351-3352-3354-3355-3356,5%,Рестораны,https://www.rabitabank.com/castnye-klienty/partnery/newkond-3-3329-3330-3331-3332-3333-3345-3350-3351-3352-3354-3355-3356,https://www.rabitabank.com/resized/resize0x100/center/pages/3356/khan-horizontal-bg-transparent-0.png,7
3351,Newkond-3329-3330-3331-3332-3333-3345-3350-3351,5%,Рестораны,https://www.rabitabank.com/castnye-klienty/partnery/newkond-3-3329-3330-3331-3332-3333-3345-3350-3351,https://www.rabitabank.com/resized/resize0x100/center/pages/3351/unknown-2-2.png,7
3331,Newkond-3329-3330-3331,5%,Покупка,https://www.rabitabank.com/castnye-klienty/partnery/newkond-3-3329-3330-3331,https://www.rabitabank.com/resized/resize0x100/center/pages/3331/img-20250530-wa0008.png,7
3306,Khazina-3302-3303-3304-3305-3306,5%,Одежда и аксессуары,https://www.rabitabank.com/castnye-klienty/partnery/khazina-ru-3302-3303-3304-3305-3306,https://www.rabitabank.com/resized/resize0x100/center/pages/3306/unknown-1-2-0.png,7
3284,Khazina,5%,Одежда и аксессуары,https://www.rabitabank.com/castnye-klienty/partnery/khazina-ru,https://www.rabitabank.com/resized/resize0x100/center/pages/3284/screenshot-2025-05-16-at-175217.png,7
3280,Danilov,5%,Одежда и аксессуары,https://www.rabitabank.com/castnye-klienty/partnery/danilov-ru,https://www.rabitabank.com/resized/resize0x100/center/pages/3280/danilov-logo.jpg,7
3278,Grante Atilla,5%,Одежда и аксессуары,https://www.rabitabank.com/castnye-klienty/partnery/grante-atilla-ru,https://www.rabitabank.com/resized/resize0x100/center/pages/3278/screenshot-2025-05-15-at-112752.jpg,7
3277,Jamaat Baku,5%,Рестораны,https://www.rabitabank.com/castnye-klienty/partnery/jamaat-baku-ru,https://www.rabitabank.com/resized/resize0x100/center/pages/3277/screenshot-2025-05-15-at-111221.png,7
3276,SACRIA ATELIER,5%,Одежда и аксессуары,https://www.rabitabank.com/castnye-klienty/partnery/sacria-atelier-ru,https://www.rabitabank.com/resized/resize0x100/center/pages/3276/sacria-atelier-logo-53.png,7
3256,Hot Dog Mak's-3242-3246-3249-3250-3251-3252-3253-3254-3255-3256,5%,Покупка,https://www.rabitabank.com/castnye-klienty/partnery/hot-dog-maks-ru-3242-3246-3249-3250-3251-3252-3253-3254-3255-3256,https://www.rabitabank.com/resized/resize0x100/center/pages/3256/whatsapp-image-2025-04-16-at-114732.png,8
3254,Hot Dog Mak's-3242-3246-3249-3250-3251-3252-3253-3254,5%,Рестораны,https://www.rabitabank.com/castnye-klienty/partnery/hot-dog-maks-ru-3242-3246-3249-3250-3251-3252-3253-3254,https://www.rabitabank.com/resized/resize0x100/center/pages/3254/unknown-17.png,8
3249,Hot Dog Mak's-3242-3246-3249,5%,Kрасотa и здоровье,https://www.rabitabank.com/castnye-klienty/partnery/hot-dog-maks-ru-3242-3246-3249,https://www.rabitabank.com/resized/resize0x100/center/pages/3249/logo-pilates-sky-1.png,8
3246,Hot Dog Mak's-3242-3246,5%,Подарки,https://www.rabitabank.com/castnye-klienty/partnery/hot-dog-maks-ru-3242-3246,https://www.rabitabank.com/resized/resize0x100/center/pages/3246/unknown-14.png,8
3245,Hot Dog Mak's-3242-3243-3245,5%,Образование,https://www.rabitabank.com/castnye-klienty/partnery/hot-dog-maks-ru-3242-3243-3245,https://www.rabitabank.com/resized/resize0x100/center/pages/3245/ltc-lab-logo.png,8
3242,Hot Dog Mak's-3242,5%,Подарки,https://www.rabitabank.com/castnye-klienty/partnery/hot-dog-maks-ru-3242,https://www.rabitabank.com/resized/resize0x100/center/pages/3242/asset-1-at-4x8-1.png,8
3234,Lucky Way Travel,2%,Турагентствa,https://www.rabitabank.com/castnye-klienty/partnery/lucky-way-travel-ru,https://www.rabitabank.com/resized/resize0x100/center/pages/3234/screenshot-2025-03-18-at-101047.png,8
3226,Sisi Bag Store (Qusar)-3226,5%,Продукты питания,https://www.rabitabank.com/castnye-klienty/partnery/sisi-bag-store-ru-3226,https://www.rabitabank.com/resized/resize0x100/center/pages/3226/unknown-11.png,8
3222,Sisi Bag Store (Qusar),5%,Рестораны,https://www.rabitabank.com/castnye-klienty/partnery/sisi-bag-store-ru,https://www.rabitabank.com/resized/resize0x100/center/pages/3222/screenshot-2025-02-18-at-102233.png,8
3203,Art Style Coffee,5%,Рестораны,https://www.rabitabank.com/castnye-klienty/partnery/art-style-coffee-ru,https://www.rabitabank.com/resized/resize0x100/center/pages/3203/screenshot-2025-01-13-at-121001.png,8
3199,BioVet | Baytarlıq klinikası,5%,Сервисы,https://www.rabitabank.com/castnye-klienty/partnery/biovet-baytarliq-klinikasi-ru,https://www.rabitabank.com/resized/resize0x100/center/pages/3199/biovet-logo.jpg,8
3178,Candy Mandy,5%,Кондитерские,https://www.rabitabank.com/castnye-klienty/partnery/candy-mandy-ru,https://www.rabitabank.com/resized/resize0x100/center/pages/3178/img-20241206-wa0063-0.jpg,8
3173,HAPPY SUSHI,5%,Рестораны,https://www.rabitabank.com/castnye-klienty/partnery/happy-sushi-ru,https://www.rabitabank.com/resized/resize0x100/center/pages/3173/screen-shot-2024-12-17-at-161746.png,8
3172,Gəncə Süfrəsi,5%,Рестораны,https://www.rabitabank.com/castnye-klienty/partnery/gence-sufresi-ru,https://www.rabitabank.com/resized/resize0x100/center/pages/3172/img-20241213-wa0024.jpg,8
3169,UNO Burger,5%,Рестораны,https://www.rabitabank.com/castnye-klienty/partnery/uno-burger-ru,https://www.rabitabank.com/resized/resize0x100/center/pages/3169/logo.png,8
3165,Zəfər tibb mərkəzi (Zefer Clinic),5%,Клиники,https://www.rabitabank.com/castnye-klienty/partnery/zefer-tibb-merkezi-ru,https://www.rabitabank.com/resized/resize0x100/center/pages/3165/screen-shot-2024-11-27-at-113209.png,8
3162,Şərq Qabları,5%,Одежда и аксессуары,https://www.rabitabank.com/castnye-klienty/partnery/serq-qablari-ru,https://www.rabitabank.com/resized/resize0x100/center/pages/3162/image003.jpg,8
3161,Relax Lerik Hotel,5%,Гостиницы,https://www.rabitabank.com/castnye-klienty/partnery/relax-lerik-hotel-ru,https://www.rabitabank.com/resized/resize0x100/center/pages/3161/screen-shot-2024-11-27-at-111444.png,8
3121,Sushi moon baku,5%,Рестораны,https://www.rabitabank.com/castnye-klienty/partnery/sushi-moon-baku-ru,https://www.rabitabank.com/resized/resize0x100/center/pages/3121/ss-moon.jpg,8
3120,Coffe Cake Browni,5%,Рестораны,https://www.rabitabank.com/castnye-klienty/partnery/coffe-cake-browni-ru,https://www.rabitabank.com/resized/resize0x100/center/pages/3120/459548170-2317521391932485-910457289906445556-n.jpg,8
3116,RO Cafe-3116,5%,Продукты питания,https://www.rabitabank.com/castnye-klienty/partnery/saf-qida-ru,https://www.rabitabank.com/resized/resize0x100/center/pages/3116/saf-qida-01-1.jpg,9
3114,Fun and Food Cafe-3113-3114,5%,Одежда и аксессуары,https://www.rabitabank.com/castnye-klienty/partnery/evika-hand-made-ru,https://www.rabitabank.com/resized/resize0x100/center/pages/3114/evika.jpg,9
3106,Togasofficial,5%,Покупка,https://www.rabitabank.com/castnye-klienty/partnery/togasofficial-ru,https://www.rabitabank.com/resized/resize0x100/center/pages/3106/377997033-607310091607216-1163076108100663660-n.jpg,9
3105,Volare İtalian Restaurant,5%,Рестораны,https://www.rabitabank.com/castnye-klienty/partnery/volare-italian-ru,https://www.rabitabank.com/resized/resize0x100/center/pages/3105/volare.jpg,9
3103,Smartzadə,5%,Покупка,https://www.rabitabank.com/castnye-klienty/partnery/smartzade-ru,https://www.rabitabank.com/resized/resize0x100/center/pages/3103/278021494-1167315110753270-5616804138266753554-n.jpg,9
3100,Etalon hospital,5%,Клиники,https://www.rabitabank.com/castnye-klienty/partnery/etalon-hospital-riu,https://www.rabitabank.com/resized/resize0x100/center/pages/3100/img-8612.png,9
3090,Tanin Wine and Coffee,5%,Рестораны,https://www.rabitabank.com/castnye-klienty/partnery/tanin-wine-ru,https://www.rabitabank.com/resized/resize0x100/center/pages/3090/tanin.jpg,9
3078,DeramacafeBaku,5%,Рестораны,https://www.rabitabank.com/castnye-klienty/partnery/deramacafebaku-ru,https://www.rabitabank.com/resized/resize0x100/center/pages/3078/384167942-688745496513726-3976633960337313513-n.jpg,9
3065,CHAYNİK BAKU,5%,Рестораны,https://www.rabitabank.com/castnye-klienty/partnery/chaynik-baku,https://www.rabitabank.com/resized/resize0x100/center/pages/3065/unknown-2-0.png,9
3025,Zebra Kids,5%,Для детей,https://www.rabitabank.com/castnye-klienty/partnery/zebra-kids-ru,https://www.rabitabank.com/resized/resize0x100/center/pages/3025/unknown-10.png,9
3022,Aqat Təbii Daşlar,5%,Одежда и аксессуары,https://www.rabitabank.com/castnye-klienty/partnery/aqat-tebii-daslar-ru,https://www.rabitabank.com/resized/resize0x100/center/pages/3022/unknown-9.png,9
3019,Ufaklık.az,5%,Для детей,https://www.rabitabank.com/castnye-klienty/partnery/ufaklikaz-ru,https://www.rabitabank.com/resized/resize0x100/center/pages/3019/unknown-1-7.png,9
3012,Nirvana Ailəvi Restoran,5%,Рестораны,https://www.rabitabank.com/castnye-klienty/partnery/nirvana-ailevi-restoran-ru,https://www.rabitabank.com/resized/resize0x100/center/pages/3012/unknown-1-6.png,9
3011,Atmosfer Coffee Shop,5%,Рестораны,https://www.rabitabank.com/castnye-klienty/partnery/atmosfer-coffee-shop-ru,https://www.rabitabank.com/resized/resize0x100/center/pages/3011/unknown-1-6.png,9
2980,Pub Lito,5%,Рестораны,https://www.rabitabank.com/castnye-klienty/partnery/pub-lito-ru,https://www.rabitabank.com/resized/resize0x100/center/pages/2980/unknown-0.png,9
2958,Sweji.az,5%,Кондитерские,https://www.rabitabank.com/castnye-klienty/partnery/sweji-ru,https://www.rabitabank.com/resized/resize0x100/center/pages/2958/440017130-1736267223855567-4280239602482348466-n.jpg,9
2955,publito.baku,5%,Рестораны,https://www.rabitabank.com/castnye-klienty/partnery/publito-baku-ru,https://www.rabitabank.com/resized/resize0x100/center/pages/2955/387577068-2634119113405677-5782342164789309050-n.jpg,9
2951,AppleCare+,5%,Электроника,https://www.rabitabank.com/castnye-klienty/partnery/applecare-ru,https://www.rabitabank.com/resized/resize0x100/center/pages/2951/photo-2024-05-20-11-25-181.jpg,9
2949,Akatsukishop.aze,5%,Для детей,https://www.rabitabank.com/castnye-klienty/partnery/akatsukishop-aze-ru,https://www.rabitabank.com/resized/resize0x100/center/pages/2949/358799404-784032856754252-6959129852406196489-n.jpg,9
2898,NB Dental Clinic,5%,Клиники,https://www.rabitabank.com/castnye-klienty/partnery/nb-dental-clinic-ru,https://www.rabitabank.com/resized/resize0x100/center/pages/2898/nb-clinic-21.jpg,9
2894,ZAHRA Clinic,5%,Клиники,https://www.rabitabank.com/castnye-klienty/partnery/zahra-clinic-ru,https://www.rabitabank.com/resized/resize0x100/center/pages/2894/277396703-340801508018755-1859806334907384470-n.jpg,10
2885,Teslalounge,5%,Рестораны,https://www.rabitabank.com/castnye-klienty/partnery/teslalounge-ru,https://www.rabitabank.com/resized/resize0x100/center/pages/2885/431323000-780923933466917-3311559988883772015-n.jpg,10
2884,Gəl’in Bridal Room,5%,Одежда и аксессуары,https://www.rabitabank.com/castnye-klienty/partnery/gelin-bridal-room-ru,https://www.rabitabank.com/resized/resize0x100/center/pages/2884/270210621-343374097239526-1766393323688243779-n.jpg,10
2873,Zanbagh flower boutique,5%,Подарки,https://www.rabitabank.com/castnye-klienty/partnery/zanbagh-flower-boutique-ru,https://www.rabitabank.com/resized/resize0x100/center/pages/2873/zanbagh-2.jpg,10
2868,Cape Wine Restaurant,5%,Рестораны,https://www.rabitabank.com/castnye-klienty/partnery/cape-wine-restaurant-ru,https://www.rabitabank.com/resized/resize0x100/center/pages/2868/capewine-2.jpg,10
2854,Bubee Bubble Tea,5%,Рестораны,https://www.rabitabank.com/castnye-klienty/partnery/bubee-bubble-tea-ru,https://www.rabitabank.com/resized/resize0x100/center/pages/2854/bubeeteashoplogo.jpg,10
2853,Bytelecom,5%,Электроника,https://www.rabitabank.com/castnye-klienty/partnery/bytelecom-ru,https://www.rabitabank.com/resized/resize0x100/center/pages/2853/logo-page-0001.jpg,10
2805,Corabb,5%,Покупка,https://www.rabitabank.com/castnye-klienty/partnery/corabb-terefdas-ruu,https://www.rabitabank.com/resized/resize0x100/center/pages/2805/image-0.png,10
2765,Sirr Cake House,5%,Кондитерские,https://www.rabitabank.com/castnye-klienty/partnery/sirr-3,https://www.rabitabank.com/resized/resize0x100/center/pages/2765/sirr-cake-house-logo.jpg,10
2751,Oxford Coffee Baku,5%,Рестораны,https://www.rabitabank.com/castnye-klienty/partnery/oxford-coffee-baku-3,https://www.rabitabank.com/resized/resize0x100/center/pages/2751/logo-2.jpg,10
2702,SUSHİ BAKU,5%,Рестораны,https://www.rabitabank.com/castnye-klienty/partnery/sushi-baku3,https://www.rabitabank.com/resized/resize0x100/center/pages/2702/sushibakulogo-1.jpg,10
2674,Nursu Fast Food-2666-2667-2669-2670-2672-2673-2674,5%,Покупка,https://www.rabitabank.com/castnye-klienty/partnery/nursu-fast-food3-2666-2667-2669-2670-2672-2673-2674,https://www.rabitabank.com/resized/resize0x100/center/pages/2674/344519594-154503020707072-9058718950746846318-n1.jpg,10
2666,Azbayraq,5%,Сервисы,https://www.rabitabank.com/castnye-klienty/partnery/azbayraq-ru,https://www.rabitabank.com/resized/resize0x100/center/pages/2666/image-4.png,10
2604,İNTİME AZERBAİJAN,5%,Одежда и аксессуары,https://www.rabitabank.com/castnye-klienty/partnery/intime-azerbaijan-ru,https://www.rabitabank.com/resized/resize0x100/center/pages/2604/intimelogo.jpg,10
2587,Ozon Optik,5%,Аптека,https://www.rabitabank.com/castnye-klienty/partnery/ozon-optik33,https://www.rabitabank.com/resized/resize0x100/center/pages/2587/ozozooz.png,10
2430,La Vision Coffee House,5%,Рестораны,https://www.rabitabank.com/castnye-klienty/partnery/la-vision-coffee-house-rru,https://www.rabitabank.com/resized/resize0x100/center/pages/2430/la-vision.jpg,10
2429,Mono Reklam,5%,Сервисы,https://www.rabitabank.com/castnye-klienty/partnery/monoreklam-3,https://www.rabitabank.com/resized/resize0x100/center/pages/2429/logo-mono.jpg,10
2411,Sushime.az,5%,Рестораны,https://www.rabitabank.com/castnye-klienty/partnery/sushimeaz3,https://www.rabitabank.com/resized/resize0x100/center/pages/2411/susiii.jpg,10
2385,Balf Boutigue,5%,Одежда и аксессуары,https://www.rabitabank.com/castnye-klienty/partnery/balf-boutigue3,https://www.rabitabank.com/resized/resize0x100/center/pages/2385/balf.jpg,10
2367,Razza Parfumery,5%,Kосметика,https://www.rabitabank.com/castnye-klienty/partnery/razza-parfumery3,https://www.rabitabank.com/resized/resize0x100/center/pages/2367/lppppp.png,10
2337,Kuxna Mebel,5%,Мебель,https://www.rabitabank.com/castnye-klienty/partnery/kuxna-mebelru,https://www.rabitabank.com/resized/resize0x100/center/pages/2337/photo-2022-11-15-10-57-04.jpg,11
2336,Amin Mebel,5%,Мебель,https://www.rabitabank.com/castnye-klienty/partnery/amin-mebel-ru,https://www.rabitabank.com/resized/resize0x100/center/pages/2336/photo-2022-11-15-10-57-06.jpg,11
2335,Zövqlü,5%,Мебель,https://www.rabitabank.com/castnye-klienty/partnery/zovqlu-ru,https://www.rabitabank.com/resized/resize0x100/center/pages/2335/photo-2022-11-15-10-57-07.jpg,11
2334,Amin,5%,Мебель,https://www.rabitabank.com/castnye-klienty/partnery/amin-ru,https://www.rabitabank.com/resized/resize0x100/center/pages/2334/logo-0.jpg,11
2313,SNN Medical,5%,Клиники,https://www.rabitabank.com/castnye-klienty/partnery/snn-medical3,https://www.rabitabank.com/resized/resize0x100/center/pages/2313/snn.jpg,11
2305,Avenue Hotel Baku,5%,Гостиницы,https://www.rabitabank.com/castnye-klienty/partnery/avenue-hotel-baku2,https://www.rabitabank.com/resized/resize0x100/center/pages/2305/logo-0.jpg,11
2046,Choban Təbii Kənd Məhsulları,5%,Продукты питания,https://www.rabitabank.com/castnye-klienty/partnery/choban-tebii-kend-mehsullari-3,https://www.rabitabank.com/resized/resize0x100/center/pages/2046/choban.png,11
2039,Parfum De Royal,5%,Kосметика,https://www.rabitabank.com/castnye-klienty/partnery/parfum-de-royal-3,https://www.rabitabank.com/resized/resize0x100/center/pages/2039/parfummmmm.png,11
2025,BYJABA,5%,Одежда и аксессуары,https://www.rabitabank.com/castnye-klienty/partnery/byjaba-3,https://www.rabitabank.com/resized/resize0x100/center/pages/2025/xx.png,11
1997,China Town Azerbaijan,5%,Рестораны,https://www.rabitabank.com/castnye-klienty/partnery/china-town-azerbaijan-3,https://www.rabitabank.com/resized/resize0x100/center/pages/1997/china.jpg,11
1992,Xatiko Zooboutique,5%,Ветеринария,https://www.rabitabank.com/castnye-klienty/partnery/xatiko-zooboutique-3,https://www.rabitabank.com/resized/resize0x100/center/pages/1992/xatiko-ag.png,11
1968,Belgium Chocolate's Atelier,5%,Кондитерские,https://www.rabitabank.com/castnye-klienty/partnery/belgium-chocolates-atelier-3,https://www.rabitabank.com/resized/resize0x100/center/pages/1968/chocooo.png,11
1964,Navigator Light Azerbaijan,5%,Покупка,https://www.rabitabank.com/castnye-klienty/partnery/navigator-light-azerbaijan-3,https://www.rabitabank.com/resized/resize0x100/center/pages/1964/logo-cmyk.jpg,11
1937,150 Kitchen & Tea,5%,Рестораны,https://www.rabitabank.com/castnye-klienty/partnery/150-kitchen-tea-3,https://www.rabitabank.com/resized/resize0x100/center/pages/1937/150.png,11
1935,Perfetto,5%,Одежда и аксессуары,https://www.rabitabank.com/castnye-klienty/partnery/perfetto-3,https://www.rabitabank.com/resized/resize0x100/center/pages/1935/prttttt.png,11
1932,Engineering for Kids,5%,Для детей,https://www.rabitabank.com/castnye-klienty/partnery/engineering-for-kids-3,https://www.rabitabank.com/resized/resize0x100/center/pages/1932/efk-logo.png,11
1916,MULTIBRAND,5%,Одежда и аксессуары,https://www.rabitabank.com/castnye-klienty/partnery/multibrand-3,https://www.rabitabank.com/resized/resize0x100/center/pages/1916/new-logo.jpg,11
1898,Gloria Garden,5%,Подарки,https://www.rabitabank.com/castnye-klienty/partnery/gloria-garden-3,https://www.rabitabank.com/resized/resize0x100/center/pages/1898/gloria-garden.png,11
1851,1984 pub lounge,5%,Рестораны,https://www.rabitabank.com/castnye-klienty/partnery/1984-pub-lounge-3,,11
1844,Pivəland,5%,Рестораны,https://www.rabitabank.com/castnye-klienty/partnery/piveland-3,https://www.rabitabank.com/resized/resize0x100/center/pages/1844/pivelend.png,11
1809,Shade Restoran,5%,Рестораны,https://www.rabitabank.com/castnye-klienty/partnery/shade-restoran-3,,12
1798,BM Store,5%,Одежда и аксессуары,https://www.rabitabank.com/castnye-klienty/partnery/bm-store-3,,12
1785,Tokyo suşi,5%,Рестораны,https://www.rabitabank.com/castnye-klienty/partnery/tokyo-susi-3,https://www.rabitabank.com/resized/resize0x100/center/pages/1785/tokyo.png,12
1772,Hot Pot (Çin Restoranı),5%,Рестораны,https://www.rabitabank.com/castnye-klienty/partnery/hot-pot-cin-restorani-3,https://www.rabitabank.com/resized/resize0x100/center/pages/1772/restoran.png,12
1755,Clouds Kids Store,5%,Для детей,https://www.rabitabank.com/castnye-klienty/partnery/clouds-kids-store-3,https://www.rabitabank.com/resized/resize0x100/center/pages/1755/jkmh.png,12
1747,Queen Дом Boutique,5%,Одежда и аксессуары,https://www.rabitabank.com/castnye-klienty/partnery/queen-dom-boutique-3,https://www.rabitabank.com/resized/resize0x100/center/pages/1747/queen.png,12
1740,Alfavet ZOO,5%,Ветеринария,https://www.rabitabank.com/castnye-klienty/partnery/alfavet-zoo-3,https://www.rabitabank.com/resized/resize0x100/center/pages/1740/market.png,12
1723,Star Lux,5%,Автосервис,https://www.rabitabank.com/castnye-klienty/partnery/star-lux-3,https://www.rabitabank.com/resized/resize0x100/center/pages/1723/starluxaz.png,12
1722,Öz Kardeşlər restaurant,5%,Рестораны,https://www.rabitabank.com/castnye-klienty/partnery/oz-kardesler-restaurant-3,https://www.rabitabank.com/resized/resize0x100/center/pages/1722/kardeshler.png,12
1678,SEE YOU LATTE,5%,Рестораны,https://www.rabitabank.com/castnye-klienty/partnery/see-you-latte-3,https://www.rabitabank.com/resized/resize0x100/center/pages/1678/restoran.png,12
1674,Anadolu restoran,5%,Рестораны,https://www.rabitabank.com/castnye-klienty/partnery/anadolu-restoran-3,https://www.rabitabank.com/resized/resize0x100/center/pages/1674/anadoluhalallogo.jpg,12
1636,Champion Pide Kafe,5%,Рестораны,https://www.rabitabank.com/castnye-klienty/partnery/champion-pide-kafe-3,https://www.rabitabank.com/resized/resize0x100/center/pages/1636/champion-pide.PNG,12
1626,Flannel,5%,Одежда и аксессуары,https://www.rabitabank.com/castnye-klienty/partnery/flannel-3,https://www.rabitabank.com/resized/resize0x100/center/pages/1626/ag-1.jpg,12
1591,Flowers of Baku,5%,Подарки,https://www.rabitabank.com/castnye-klienty/partnery/flowers-of-baku-3,https://www.rabitabank.com/resized/resize0x100/center/pages/1591/19-190648-aesthetic-flower-png-pink-flowers-aesthetic-png.png,12
1583,Zoluşka,5%,Kосметика,https://www.rabitabank.com/castnye-klienty/partnery/zoluska-3,,12
1581,Great Motors,5%,Автосервис,https://www.rabitabank.com/castnye-klienty/partnery/great-motors-3,https://www.rabitabank.com/resized/resize0x100/center/pages/1581/gm.png,12
1556,Chicky Restaurant,5%,Рестораны,https://www.rabitabank.com/castnye-klienty/partnery/chicky-restaurant-3,https://www.rabitabank.com/resized/resize0x100/center/pages/1556/chicky.jpg,12
1541,Vkusnyaşka,5%,Кондитерские,https://www.rabitabank.com/castnye-klienty/partnery/vkusnyaska-3,https://www.rabitabank.com/resized/resize0x100/center/pages/1541/vkusnyashka.PNG,12
1535,Cosmos Bar Baku,5%,Рестораны,https://www.rabitabank.com/castnye-klienty/partnery/cosmos-ru,https://www.rabitabank.com/resized/resize0x100/center/pages/1535/cosmos.jpg,12
1534,Skandinaviya Evi,5%,Мебель,https://www.rabitabank.com/castnye-klienty/partnery/skandinaviya-evi-3,https://www.rabitabank.com/resized/resize0x100/center/pages/1534/logos-resized-18.png,12
1523,Le Kebab Old City Restaurant,5%,Рестораны,https://www.rabitabank.com/castnye-klienty/partnery/le-kebab-old-city-restaurant-3,https://www.rabitabank.com/resized/resize0x100/center/pages/1523/lekbab.png,13
1517,Oligarch,5%,Одежда и аксессуары,https://www.rabitabank.com/castnye-klienty/partnery/oligarch-3,https://www.rabitabank.com/resized/resize0x100/center/pages/1517/15178284-566151663574413-5803281438417499913-n.png,13
3142,NARGİS flowers-3142,40%,Образование,https://www.rabitabank.com/castnye-klienty/partnery/x-academy-ru,https://www.rabitabank.com/resized/resize0x100/center/pages/3142/453674625-1431561200876635-6088879783405204277-n.jpg,13
1993,Dental Group,40%,Клиники,https://www.rabitabank.com/castnye-klienty/partnery/dental-group-3,https://www.rabitabank.com/resized/resize0x100/center/pages/1993/dental.jpg,13
2490,Teazy Coffee & Wine,4%,Рестораны,https://www.rabitabank.com/castnye-klienty/partnery/teazy-coffee-wine3,https://www.rabitabank.com/resized/resize0x100/center/pages/2490/gfbrg.jpg,13
1708,SZBaku.az,4%,Одежда и аксессуары,https://www.rabitabank.com/castnye-klienty/partnery/szbakuaz-3,https://www.rabitabank.com/resized/resize0x100/center/pages/1708/sz.PNG,13
1639,Rif Ofis Mebeli,4%,Мебель,https://www.rabitabank.com/castnye-klienty/partnery/rif-ofis-mebeli-3,https://www.rabitabank.com/resized/resize0x100/center/pages/1639/rif-logo.jpg,13
1531,DK Company,4%,Сервисы,https://www.rabitabank.com/castnye-klienty/partnery/dk-company-3,https://www.rabitabank.com/resized/resize0x100/center/pages/1531/market-converted-12.png,13
3546,BUDDHA SUSHI BAKU,3%,Рестораны,https://www.rabitabank.com/castnye-klienty/partnery/buddha-sushi-baku-ru,https://www.rabitabank.com/resized/resize0x100/center/pages/3546/img-20250925-wa0003.jpg,13
3448,Newkond-3329-3330-3331-3332-3333-3345-3350-3351-3352-3354-3355-3356-3357-3364-3365-3441-3442-3443-3446-3447-3448,3%,Рестораны,https://www.rabitabank.com/castnye-klienty/partnery/newkond-3-3329-3330-3331-3332-3333-3345-3350-3351-3352-3354-3355-3356-3357-3364-3365-3441-3442-3443-3446-3447-3448,https://www.rabitabank.com/resized/resize0x100/center/pages/3448/unknown-2-5.png,13
3446,Newkond-3329-3330-3331-3332-3333-3345-3350-3351-3352-3354-3355-3356-3357-3364-3365-3441-3442-3443-3446,3%,Продукты питания,https://www.rabitabank.com/castnye-klienty/partnery/newkond-3-3329-3330-3331-3332-3333-3345-3350-3351-3352-3354-3355-3356-3357-3364-3365-3441-3442-3443-3446,https://www.rabitabank.com/resized/resize0x100/center/pages/3446/unknown-1-23.png,13
3355,Newkond-3329-3330-3331-3332-3333-3345-3350-3351-3352-3354-3355,3%,Одежда и аксессуары,https://www.rabitabank.com/castnye-klienty/partnery/newkond-3-3329-3330-3331-3332-3333-3345-3350-3351-3352-3354-3355,https://www.rabitabank.com/resized/resize0x100/center/pages/3355/unknown-2-4.png,13
3332,Newkond-3329-3330-3331-3332,3%,Рестораны,https://www.rabitabank.com/castnye-klienty/partnery/newkond-3-3329-3330-3331-3332,https://www.rabitabank.com/resized/resize0x100/center/pages/3332/unknown-1-22.png,13
3330,Newkond-3329-3330,3%,Рестораны,https://www.rabitabank.com/castnye-klienty/partnery/newkond-3-3329-3330,https://www.rabitabank.com/resized/resize0x100/center/pages/3330/hellim-logo-only-1.png,13
3260,Hot Dog Mak's-3242-3246-3249-3250-3251-3252-3253-3254-3255-3256-3257-3258-3260,3%,Развлечения,https://www.rabitabank.com/castnye-klienty/partnery/hot-dog-maks-ru-3242-3246-3249-3250-3251-3252-3253-3254-3255-3256-3257-3258-3260,https://www.rabitabank.com/resized/resize0x100/center/pages/3260/photo-2025-04-25-14-39-56.jpg,13
3258,Hot Dog Mak's-3242-3246-3249-3250-3251-3252-3253-3254-3255-3256-3257-3258,3%,Кондитерские,https://www.rabitabank.com/castnye-klienty/partnery/hot-dog-maks-ru-3242-3246-3249-3250-3251-3252-3253-3254-3255-3256-3257-3258,https://www.rabitabank.com/resized/resize0x100/center/pages/3258/screenshot-2025-04-18-at-123627-pm.png,13
3244,Hot Dog Mak's-3242-3243-3244,3%,Рестораны,https://www.rabitabank.com/castnye-klienty/partnery/hot-dog-maks-ru-3242-3243-3244,https://www.rabitabank.com/resized/resize0x100/center/pages/3244/unknown-12.png,13
3243,Hot Dog Mak's-3242-3243,3%,Продукты питания,https://www.rabitabank.com/castnye-klienty/partnery/hot-dog-maks-ru-3242-3243,https://www.rabitabank.com/resized/resize0x100/center/pages/3243/logo-0.png,13
3236,Dastan Delight,3%,Продукты питания,https://www.rabitabank.com/castnye-klienty/partnery/dastan-delight-ru,https://www.rabitabank.com/resized/resize0x100/center/pages/3236/screenshot-2025-03-18-at-102005.png,13
3229,Burger Farm,3%,Рестораны,https://www.rabitabank.com/castnye-klienty/partnery/burger-farm-ru,https://www.rabitabank.com/resized/resize0x100/center/pages/3229/screenshot-2025-03-06-at-150251.png,13
3213,Fauna Zoovet Clinic,3%,Сервисы,https://www.rabitabank.com/castnye-klienty/partnery/fauna-zoovet-clinic-ru,https://www.rabitabank.com/resized/resize0x100/center/pages/3213/screenshot-2025-01-28-at-100538.png,14
3181,Koreya Şərq Təbabəti Klinikası,3%,Клиники,https://www.rabitabank.com/castnye-klienty/partnery/koreya-serq-tebabeti-ru,https://www.rabitabank.com/resized/resize0x100/center/pages/3181/screen-shot-2024-12-18-at-164432.png,14
3113,Cafe De Costa Rica,3%,Рестораны,https://www.rabitabank.com/castnye-klienty/partnery/cafe-de-costa-rica-ru,https://www.rabitabank.com/resized/resize0x100/center/pages/3113/cafadecos.jpg,14
3102,Tombag Baku,3%,Покупка,https://www.rabitabank.com/castnye-klienty/partnery/tombag-baku-ru,https://www.rabitabank.com/resized/resize0x100/center/pages/3102/382262321-228571250194595-6577681086483710139-n.jpg,14
3097,Nota electronics,3%,Электроника,https://www.rabitabank.com/castnye-klienty/partnery/nota-electronics-ru,https://www.rabitabank.com/resized/resize0x100/center/pages/3097/347074970-999118201077354-8505486679013287772-n.jpg,14
3095,Beautech.az,3%,Kрасотa и здоровье,https://www.rabitabank.com/castnye-klienty/partnery/beautech-ru,https://www.rabitabank.com/resized/resize0x100/center/pages/3095/443819798-332199333239786-1949850032838481942-n.jpg,14
3002,Chicken Port,3%,Рестораны,https://www.rabitabank.com/castnye-klienty/partnery/chicken-port-ru,https://www.rabitabank.com/resized/resize0x100/center/pages/3002/unknown-7.png,14
2905,Tex.az,3%,Электроника,https://www.rabitabank.com/castnye-klienty/partnery/tex-az-ru,https://www.rabitabank.com/resized/resize0x100/center/pages/2905/328970671-456471433248461-2365770093343471709-n.jpg,14
2862,Forauto.az,3%,Автосервис,https://www.rabitabank.com/castnye-klienty/partnery/forauto-ru,https://www.rabitabank.com/resized/resize0x100/center/pages/2862/forauto-shekil-0.jpg,14
2820,MusicNest Cafe,3%,Рестораны,https://www.rabitabank.com/castnye-klienty/partnery/musicnest-cafe-ru,https://www.rabitabank.com/resized/resize0x100/center/pages/2820/musicnest-logo.jpg,14
2811,Beermood Pub & Restaurant,3%,Рестораны,https://www.rabitabank.com/castnye-klienty/partnery/beermood-pub-restaurant-ru,https://www.rabitabank.com/resized/resize0x100/center/pages/2811/beermoodshekil.jpg,14
2810,Lemur Baku,3%,Покупка,https://www.rabitabank.com/castnye-klienty/partnery/lemur-baku-ru,https://www.rabitabank.com/resized/resize0x100/center/pages/2810/lemurlogo.jpg,14
2808,Sufle Cake House,3%,Кондитерские,https://www.rabitabank.com/castnye-klienty/partnery/sufle-cake-house-ru,https://www.rabitabank.com/resized/resize0x100/center/pages/2808/suflelogo.jpg,14
2784,Leo Port Burger,3%,Рестораны,https://www.rabitabank.com/castnye-klienty/partnery/leo-port-burger-ru,https://www.rabitabank.com/resized/resize0x100/center/pages/2784/logo-1-0.png,14
2783,Choco-port,3%,Рестораны,https://www.rabitabank.com/castnye-klienty/partnery/choco-port-ru,https://www.rabitabank.com/resized/resize0x100/center/pages/2783/chocoportlogo.jpg,14
2776,Tuqay Bağları Restoran,3%,Рестораны,https://www.rabitabank.com/castnye-klienty/partnery/tuqay-baglari-rus,https://www.rabitabank.com/resized/resize0x100/center/pages/2776/tuqay-baglari-logo.jpg,14
2737,Rotante.az,3%,Рестораны,https://www.rabitabank.com/castnye-klienty/partnery/rotante-az-3,https://www.rabitabank.com/resized/resize0x100/center/pages/2737/rotante-logo.jpg,14
2725,Frango Baku,3%,Рестораны,https://www.rabitabank.com/castnye-klienty/partnery/frango-baku3,https://www.rabitabank.com/resized/resize0x100/center/pages/2725/frango-logo.jpg,14
2720,BONA VET CLİNİC,3%,Ветеринария,https://www.rabitabank.com/castnye-klienty/partnery/bona-vet-clinic3,https://www.rabitabank.com/resized/resize0x100/center/pages/2720/bona-vet-logo.jpg,14
2692,Moonlight Beauty,3%,Kосметика,https://www.rabitabank.com/castnye-klienty/partnery/moonlight-beauty3,https://www.rabitabank.com/resized/resize0x100/center/pages/2692/moonlightlogo.jpg,14
2676,Nursu Fast Food-2666-2667-2669-2670-2672-2673-2674-2675-2676,3%,Гостиницы,https://www.rabitabank.com/castnye-klienty/partnery/nursu-fast-food3-2666-2667-2669-2670-2672-2673-2674-2675-2676,https://www.rabitabank.com/resized/resize0x100/center/pages/2676/image-6.png,15
2673,Villa İtalia,3%,Покупка,https://www.rabitabank.com/castnye-klienty/partnery/villa-italia-ru,https://www.rabitabank.com/resized/resize0x100/center/pages/2673/villa-italia.jpg,15
2670,My Zoo,3%,Ветеринария,https://www.rabitabank.com/castnye-klienty/partnery/my-zoo-ru,https://www.rabitabank.com/resized/resize0x100/center/pages/2670/myzoo-2.jpg,15
2669,LG Elelctronics,3%,Электроника,https://www.rabitabank.com/castnye-klienty/partnery/lg-electronics-ru,,15
2657,Party An Baku,3%,Покупка,https://www.rabitabank.com/castnye-klienty/partnery/party-an-baku3,https://www.rabitabank.com/resized/resize0x100/center/pages/2657/23edf.png,15
2609,Baku Code,3%,Образование,https://www.rabitabank.com/castnye-klienty/partnery/baku-code3,https://www.rabitabank.com/resized/resize0x100/center/pages/2609/logo-baku-code.png,15
2589,Coffeebear,3%,Рестораны,https://www.rabitabank.com/castnye-klienty/partnery/coffeebear3,https://www.rabitabank.com/resized/resize0x100/center/pages/2589/coff11.jpg,15
2541,HDent Clinic,3%,Клиники,https://www.rabitabank.com/castnye-klienty/partnery/hdent-clinic3,https://www.rabitabank.com/resized/resize0x100/center/pages/2541/hd-dent.jpg,15
2530,BOUTIQUE-ATELIER MR NEATMAN,3%,,https://www.rabitabank.com/castnye-klienty/partnery/boutique-atelier-mr-neatman3,https://www.rabitabank.com/resized/resize0x100/center/pages/2530/butik.jpg,15
2487,Cleopatra Ink Baku,3%,Kрасотa и здоровье,https://www.rabitabank.com/castnye-klienty/partnery/cleopatra-ink-baku3,https://www.rabitabank.com/resized/resize0x100/center/pages/2487/xxt.png,15
2484,MOTO - BAKU AZERBAIJAN,3%,Автосервис,https://www.rabitabank.com/castnye-klienty/partnery/moto-baku-azerbaijan3,https://www.rabitabank.com/resized/resize0x100/center/pages/2484/moto.jpg,15
2434,Supreme Mebel,3%,Мебель,https://www.rabitabank.com/castnye-klienty/partnery/supreme-mebel3,https://www.rabitabank.com/resized/resize0x100/center/pages/2434/xdcf.jpg,15
2432,VSLOVE BOUTIQUE,3%,Одежда и аксессуары,https://www.rabitabank.com/castnye-klienty/partnery/vslove-boutique3,https://www.rabitabank.com/resized/resize0x100/center/pages/2432/tgg.jpg,15
2431,DEL GROUPS Mebel,3%,Мебель,https://www.rabitabank.com/castnye-klienty/partnery/del-groups-mebel3,https://www.rabitabank.com/resized/resize0x100/center/pages/2431/vud.jpg,15
2418,Sweet Home Cehizlik,3%,Покупка,https://www.rabitabank.com/castnye-klienty/partnery/sweet-home-cehizlik3,https://www.rabitabank.com/resized/resize0x100/center/pages/2418/vus.jpg,15
2415,SAGITTA PUB & RESTAURANT,3%,Рестораны,https://www.rabitabank.com/castnye-klienty/partnery/sagitta-pub-restaurant3,https://www.rabitabank.com/resized/resize0x100/center/pages/2415/sagota.jpg,15
2399,Teayoume.az,3%,Рестораны,https://www.rabitabank.com/castnye-klienty/partnery/teayoumeaz3,https://www.rabitabank.com/resized/resize0x100/center/pages/2399/euuu.jpg,15
2384,BAKI MEMARLIQ LAYİHƏLƏRİ,3%,Ремонт,https://www.rabitabank.com/castnye-klienty/partnery/baki-memarliq-layiheleri3,https://www.rabitabank.com/resized/resize0x100/center/pages/2384/bakimemarliq.png,15
2380,Eventus Ehtiyyat hissələri,3%,Автосервис,https://www.rabitabank.com/castnye-klienty/partnery/eventus-ehtiyyat-hisseleri3,https://www.rabitabank.com/resized/resize0x100/center/pages/2380/evvv.png,15
2314,2x2 Cafe and Fast food,3%,Рестораны,https://www.rabitabank.com/castnye-klienty/partnery/2x2-cafe-and-fast-food13,https://www.rabitabank.com/resized/resize0x100/center/pages/2314/logo-0.jpg,15
2297,Crepe Café,3%,Рестораны,https://www.rabitabank.com/castnye-klienty/partnery/crepe-cafe3,https://www.rabitabank.com/resized/resize0x100/center/pages/2297/312022086-800453101225724-2251636530796951507-n.jpg,16
2217,Planet,3%,,https://www.rabitabank.com/castnye-klienty/partnery/linza-planet-ru,https://www.rabitabank.com/resized/resize0x100/center/pages/2217/1664018197594-1.png,16
2171,Baristica Coffee Roastery,3%,Рестораны,https://www.rabitabank.com/castnye-klienty/partnery/baristica-coffee-roastery-ru,https://www.rabitabank.com/resized/resize0x100/center/pages/2171/byyy.png,16
2146,Boom Berry,3%,Кондитерские,https://www.rabitabank.com/castnye-klienty/partnery/boomberryru,https://www.rabitabank.com/resized/resize0x100/center/pages/2146/bom.jpg,16
2038,KING SPORT,3%,Одежда и аксессуары,https://www.rabitabank.com/castnye-klienty/partnery/king-sport-3,https://www.rabitabank.com/resized/resize0x100/center/pages/2038/image-06-05-22-10-02.png,16
2018,Land Motors,3%,Автосервис,https://www.rabitabank.com/castnye-klienty/partnery/land-motors-3,https://www.rabitabank.com/resized/resize0x100/center/pages/2018/landd.jpg,16
2011,Mélodie D'Amour Cake House,3%,Кондитерские,https://www.rabitabank.com/castnye-klienty/partnery/melodie-damour-cake-house-3,https://www.rabitabank.com/resized/resize0x100/center/pages/2011/melodi.jpeg,16
2009,ATC,3%,Электроника,https://www.rabitabank.com/castnye-klienty/partnery/atc-3,https://www.rabitabank.com/resized/resize0x100/center/pages/2009/ljhuljlml.png,16
2007,Castrol Premium Express,3%,Автосервис,https://www.rabitabank.com/castnye-klienty/partnery/castrol-premium-express-3,https://www.rabitabank.com/resized/resize0x100/center/pages/2007/loqo-express.png,16
1915,Royal’s Lounge & Restaurant,3%,Рестораны,https://www.rabitabank.com/castnye-klienty/partnery/royals-lounge-restaurant-3,https://www.rabitabank.com/resized/resize0x100/center/pages/1915/193251366-111625521126096-7206959238515331679-n.png,16
1879,Manqalüstü Restoran,3%,Рестораны,https://www.rabitabank.com/castnye-klienty/partnery/manqalustu-restoran-3,https://www.rabitabank.com/resized/resize0x100/center/pages/1879/manqaustu.png,16
1875,CHELEBI,3%,Мебель,https://www.rabitabank.com/castnye-klienty/partnery/chelebi-3,https://www.rabitabank.com/resized/resize0x100/center/pages/1875/chelebi.png,16
1874,Red Point Beauty Studio,3%,Kрасотa и здоровье,https://www.rabitabank.com/castnye-klienty/partnery/red-point-beauty-studio-3,https://www.rabitabank.com/resized/resize0x100/center/pages/1874/gozellik-salonu.png,16
1828,Tasty Bouquet,3%,Подарки,https://www.rabitabank.com/castnye-klienty/partnery/tasty-bouquet-3,https://www.rabitabank.com/resized/resize0x100/center/pages/1828/sn3128-christmas-presents-set-of-8-event-prop-hire-0004img-8722-copy.jpg,16
1826,Gloria Flowers,3%,Подарки,https://www.rabitabank.com/castnye-klienty/partnery/gloria-flowers-3,https://www.rabitabank.com/resized/resize0x100/center/pages/1826/esassss.png,16
1814,Azərkitab Kitab Mərkəzi,3%,Покупка,https://www.rabitabank.com/castnye-klienty/partnery/azerkitab-kitab-merkezi-3,,16
1788,Dadım restoranı,3%,Рестораны,https://www.rabitabank.com/castnye-klienty/partnery/dadim-restorani-3,https://www.rabitabank.com/resized/resize0x100/center/pages/1788/dadim.png,16
1786,Mario Russo,3%,Одежда и аксессуары,https://www.rabitabank.com/castnye-klienty/partnery/mario-russo-3,https://www.rabitabank.com/resized/resize0x100/center/pages/1786/mario.png,16
1781,Teka Azərbaycan,3%,Электроника,https://www.rabitabank.com/castnye-klienty/partnery/teka-azerbaycan-3,https://www.rabitabank.com/resized/resize0x100/center/pages/1781/teka.png,16
1577,32 Beauty Billur Dent,3%,Клиники,https://www.rabitabank.com/castnye-klienty/partnery/32-beauty-billur-dent-3,https://www.rabitabank.com/resized/resize0x100/center/pages/1577/32-beauty.png,16
1532,Belgian Chocolate & Coffee,3%,Рестораны,https://www.rabitabank.com/castnye-klienty/partnery/belgian-ru,https://www.rabitabank.com/resized/resize0x100/center/pages/1532/belll.png,17
1527,Karavan Rent a Car,3%,Мебель,https://www.rabitabank.com/castnye-klienty/partnery/karavan-rent-a-car-3,https://www.rabitabank.com/resized/resize0x100/center/pages/1527/logos-resized-converted-05.png,17
1513,SORVELLA PERFUME,3%,Kосметика,https://www.rabitabank.com/castnye-klienty/partnery/sorvella-ru,https://www.rabitabank.com/resized/resize0x100/center/pages/1513/unnamed.jpg,17
3352,Newkond-3329-3330-3331-3332-3333-3345-3350-3351-3352,20%,Kрасотa и здоровье,https://www.rabitabank.com/castnye-klienty/partnery/newkond-3-3329-3330-3331-3332-3333-3345-3350-3351-3352,https://www.rabitabank.com/resized/resize0x100/center/pages/3352/470546683-997792165714286-4166573472979731928-n.jpg,17
3214,Forza Baku,20%,Сервисы,https://www.rabitabank.com/castnye-klienty/partnery/forza-baku-ru,https://www.rabitabank.com/resized/resize0x100/center/pages/3214/screenshot-2025-01-28-at-101220.png,17
2350,Technomen.az,20%,Электроника,https://www.rabitabank.com/castnye-klienty/partnery/technomenaz-ru,https://www.rabitabank.com/resized/resize0x100/center/pages/2350/texnomen.jpg,17
1600,Runner.az,20%,Карго,https://www.rabitabank.com/castnye-klienty/partnery/runneraz-3,https://www.rabitabank.com/resized/resize0x100/center/pages/1600/runnner.png,17
1543,Art Club Restoran,20%,Рестораны,https://www.rabitabank.com/castnye-klienty/partnery/art-club-restoran-3,https://www.rabitabank.com/resized/resize0x100/center/pages/1543/29-art-club-restoran.png,17
3558,Lord House Lounge,2%,Рестораны,https://www.rabitabank.com/castnye-klienty/partnery/lord-house-lounge-ru,https://www.rabitabank.com/resized/resize0x100/center/pages/3558/screenshot-2025-10-10-at-104602.png,17
3548,Sklad Baku,2%,Одежда и аксессуары,https://www.rabitabank.com/castnye-klienty/partnery/sklad-baku-ru,https://www.rabitabank.com/resized/resize0x100/center/pages/3548/sent-1.png,17
3530,Ayva Lounge,2%,Рестораны,https://www.rabitabank.com/castnye-klienty/partnery/ayva-lounge-ru,https://www.rabitabank.com/resized/resize0x100/center/pages/3530/screenshot-2025-09-23-at-102306.png,17
3499,Newkond-3329-3330-3331-3332-3333-3345-3350-3351-3352-3354-3355-3356-3357-3364-3365-3441-3442-3443-3446-3447-3448-3449-3450-3451-3452-3453-3455-3463-3467-3468-3469-3470-3499,2%,Электроника,https://www.rabitabank.com/castnye-klienty/partnery/newkond-3-3329-3330-3331-3332-3333-3345-3350-3351-3352-3354-3355-3356-3357-3364-3365-3441-3442-3443-3446-3447-3448-3449-3450-3451-3452-3453-3455-3463-3467-3468-3469-3470-3499,https://www.rabitabank.com/resized/resize0x100/center/pages/3499/logo-irsad-2.png,17
3468,Newkond-3329-3330-3331-3332-3333-3345-3350-3351-3352-3354-3355-3356-3357-3364-3365-3441-3442-3443-3446-3447-3448-3449-3450-3451-3452-3453-3455-3463-3467-3468,2%,Подарки,https://www.rabitabank.com/castnye-klienty/partnery/newkond-3-3329-3330-3331-3332-3333-3345-3350-3351-3352-3354-3355-3356-3357-3364-3365-3441-3442-3443-3446-3447-3448-3449-3450-3451-3452-3453-3455-3463-3467-3468,https://www.rabitabank.com/resized/resize0x100/center/pages/3468/screenshot-2025-09-12-at-34223-pm.png,17
3467,Newkond-3329-3330-3331-3332-3333-3345-3350-3351-3352-3354-3355-3356-3357-3364-3365-3441-3442-3443-3446-3447-3448-3449-3450-3451-3452-3453-3455-3463-3467,2%,Турагентствa,https://www.rabitabank.com/castnye-klienty/partnery/newkond-3-3329-3330-3331-3332-3333-3345-3350-3351-3352-3354-3355-3356-3357-3364-3365-3441-3442-3443-3446-3447-3448-3449-3450-3451-3452-3453-3455-3463-3467,https://www.rabitabank.com/resized/resize0x100/center/pages/3467/screenshot-2025-08-21-at-123607-pm.png,17
3455,Newkond-3329-3330-3331-3332-3333-3345-3350-3351-3352-3354-3355-3356-3357-3364-3365-3441-3442-3443-3446-3447-3448-3449-3450-3451-3452-3453-3455,2%,Сервисы,https://www.rabitabank.com/castnye-klienty/partnery/newkond-3-3329-3330-3331-3332-3333-3345-3350-3351-3352-3354-3355-3356-3357-3364-3365-3441-3442-3443-3446-3447-3448-3449-3450-3451-3452-3453-3455,https://www.rabitabank.com/resized/resize0x100/center/pages/3455/unknown-1-24.png,17
3450,Newkond-3329-3330-3331-3332-3333-3345-3350-3351-3352-3354-3355-3356-3357-3364-3365-3441-3442-3443-3446-3447-3448-3449-3450,2%,Рестораны,https://www.rabitabank.com/castnye-klienty/partnery/newkond-3-3329-3330-3331-3332-3333-3345-3350-3351-3352-3354-3355-3356-3357-3364-3365-3441-3442-3443-3446-3447-3448-3449-3450,https://www.rabitabank.com/resized/resize0x100/center/pages/3450/unknown-4-0.png,17
3443,Newkond-3329-3330-3331-3332-3333-3345-3350-3351-3352-3354-3355-3356-3357-3364-3365-3441-3442-3443,2%,Покупка,https://www.rabitabank.com/castnye-klienty/partnery/newkond-3-3329-3330-3331-3332-3333-3345-3350-3351-3352-3354-3355-3356-3357-3364-3365-3441-3442-3443,https://www.rabitabank.com/resized/resize0x100/center/pages/3443/unknown-5-0.png,17
3365,Newkond-3329-3330-3331-3332-3333-3345-3350-3351-3352-3354-3355-3356-3357-3364-3365,2%,Электроника,https://www.rabitabank.com/castnye-klienty/partnery/newkond-3-3329-3330-3331-3332-3333-3345-3350-3351-3352-3354-3355-3356-3357-3364-3365,https://www.rabitabank.com/resized/resize0x100/center/pages/3365/screenshot-2025-07-07-at-123821-pm.png,17
3354,Newkond-3329-3330-3331-3332-3333-3345-3350-3351-3352-3354,2%,Kрасотa и здоровье,https://www.rabitabank.com/castnye-klienty/partnery/newkond-3-3329-3330-3331-3332-3333-3345-3350-3351-3352-3354,https://www.rabitabank.com/resized/resize0x100/center/pages/3354/unknown-2-3.png,17
3250,Hot Dog Mak's-3242-3246-3249-3250,2%,Одежда и аксессуары,https://www.rabitabank.com/castnye-klienty/partnery/hot-dog-maks-ru-3242-3246-3249-3250,https://www.rabitabank.com/resized/resize0x100/center/pages/3250/screenshot-2025-04-11-at-45630-pm.png,17
3240,Hot Dog Mak's,2%,Рестораны,https://www.rabitabank.com/castnye-klienty/partnery/hot-dog-maks-ru,https://www.rabitabank.com/resized/resize0x100/center/pages/3240/screenshot-2025-03-18-at-103945.png,18
3238,Cheesy Pizzy,2%,Рестораны,https://www.rabitabank.com/castnye-klienty/partnery/cheesy-pizzy-ru,https://www.rabitabank.com/resized/resize0x100/center/pages/3238/screenshot-2025-03-18-at-103157.png,18
3234,Lucky Way Travel,2%,Турагентствa,https://www.rabitabank.com/castnye-klienty/partnery/lucky-way-travel-ru,https://www.rabitabank.com/resized/resize0x100/center/pages/3234/screenshot-2025-03-18-at-101047.png,18
3221,Alices cafe,2%,Покупка,https://www.rabitabank.com/castnye-klienty/partnery/alices-cafe-ru,https://www.rabitabank.com/resized/resize0x100/center/pages/3221/screenshot-2025-02-18-at-102812.png,18
3219,TravelLab,2%,Турагентствa,https://www.rabitabank.com/castnye-klienty/partnery/travellab-ru,https://www.rabitabank.com/resized/resize0x100/center/pages/3219/travellab-logo.png,18
3217,Dentalline Baku,2%,Сервисы,https://www.rabitabank.com/castnye-klienty/partnery/dentalline-baku-ru,https://www.rabitabank.com/resized/resize0x100/center/pages/3217/screenshot-2025-02-03-at-100801.png,18
3201,El print,2%,Покупка,https://www.rabitabank.com/castnye-klienty/partnery/el-print-ru,https://www.rabitabank.com/resized/resize0x100/center/pages/3201/img-20250109-wa0012.jpg,18
3200,T-Shirt.Az,2%,Покупка,https://www.rabitabank.com/castnye-klienty/partnery/t-shirt-ru,https://www.rabitabank.com/resized/resize0x100/center/pages/3200/img-20250109-wa0013.jpg,18
3194,EL Resort Qakh Hotel,2%,Гостиницы,https://www.rabitabank.com/castnye-klienty/partnery/el-resort-qakh-hotel-ru,https://www.rabitabank.com/resized/resize0x100/center/pages/3194/screenshot-2024-12-29-at-103359.png,18
3193,ZABRAT DİSK TƏKƏR MƏRKƏZİ,2%,Автосервис,https://www.rabitabank.com/castnye-klienty/partnery/zabrat-disk-teker-merkezi-ru,https://www.rabitabank.com/resized/resize0x100/center/pages/3193/lion-car-wheel-logo-design.png,18
3109,Fun and Food Cafe,2%,Рестораны,https://www.rabitabank.com/castnye-klienty/partnery/fun-and-food-cafe-ru,https://www.rabitabank.com/resized/resize0x100/center/pages/3109/fun.jpg,18
3104,ZH Food,2%,Рестораны,https://www.rabitabank.com/castnye-klienty/partnery/zh-food-ru,https://www.rabitabank.com/resized/resize0x100/center/pages/3104/zh.jpg,18
3089,Lemoncini Cafe & Restaurant,2%,Рестораны,https://www.rabitabank.com/castnye-klienty/partnery/lemoncini-restaurant-ru,https://www.rabitabank.com/resized/resize0x100/center/pages/3089/lemon.jpg,18
3073,Chaika restaurant & lounge,2%,Рестораны,https://www.rabitabank.com/castnye-klienty/partnery/chaika-restaurant-lounge-ru,https://www.rabitabank.com/resized/resize0x100/center/pages/3073/unknown-1-16.png,18
3072,Oyuncaq Adası,2%,Для детей,https://www.rabitabank.com/castnye-klienty/partnery/oyuncaq-adasi-ru,https://www.rabitabank.com/resized/resize0x100/center/pages/3072/oyuncaq-adasi.png,18
3069,Ventus Pub Restoran,2%,Рестораны,https://www.rabitabank.com/castnye-klienty/partnery/ventus-pub-restoran-ru,https://www.rabitabank.com/resized/resize0x100/center/pages/3069/unknown-1-12.png,18
3062,xYonca center,2%,Для детей,https://www.rabitabank.com/castnye-klienty/partnery/yonca-center-ru,https://www.rabitabank.com/resized/resize0x100/center/pages/3062/384259767-1345518332714401-3752518309045547111-n.png,18
3033,Izim.accessories,2%,Одежда и аксессуары,https://www.rabitabank.com/castnye-klienty/partnery/izimaccessories-ru,https://www.rabitabank.com/resized/resize0x100/center/pages/3033/310459870-1854420344915442-1035219367982347489-n.png,19
2979,Cool Food,2%,Рестораны,https://www.rabitabank.com/castnye-klienty/partnery/cool-food-ru,https://www.rabitabank.com/resized/resize0x100/center/pages/2979/unknown-1-1-0.png,19
2968,The Anjir,2%,Одежда и аксессуары,https://www.rabitabank.com/castnye-klienty/partnery/the-anjir-ru,https://www.rabitabank.com/resized/resize0x100/center/pages/2968/422073296-1579754432820793-7667436251207476328-n.jpg,19
2928,Cup Away,2%,Рестораны,https://www.rabitabank.com/castnye-klienty/partnery/cup-away-ru,https://www.rabitabank.com/resized/resize0x100/center/pages/2928/cupaway.jpg,19
2891,Luna parfum & cosmetics,2%,Kосметика,https://www.rabitabank.com/castnye-klienty/partnery/luna-parfum-cosmetics-ru,https://www.rabitabank.com/resized/resize0x100/center/pages/2891/405223003-1668095883671405-3744983325260432300-n.jpg,19
2878,TEAM STORE AZERBAIJAN,2%,Одежда и аксессуары,https://www.rabitabank.com/castnye-klienty/partnery/team-store-azerbaijan-ru,https://www.rabitabank.com/resized/resize0x100/center/pages/2878/teamstore.jpg,19
2871,Caffe Goloso,2%,Рестораны,https://www.rabitabank.com/castnye-klienty/partnery/caffe-goloso-ru,https://www.rabitabank.com/resized/resize0x100/center/pages/2871/cafegolos-2.jpg,19
2848,Ayaqyalınfashion,2%,Одежда и аксессуары,https://www.rabitabank.com/castnye-klienty/partnery/ayaqyalin-terefdas-rru,https://www.rabitabank.com/resized/resize0x100/center/pages/2848/ayaqyalin-logo.jpg,19
2826,Lavanda Cake By Bahar,2%,Кондитерские,https://www.rabitabank.com/castnye-klienty/partnery/lavanda-cake-by-bahar-ru,https://www.rabitabank.com/resized/resize0x100/center/pages/2826/lavanda-logo.jpg,19
2817,Rom Cafe,2%,Рестораны,https://www.rabitabank.com/castnye-klienty/partnery/rom-cafe-ru,https://www.rabitabank.com/resized/resize0x100/center/pages/2817/romcafe-logo.jpg,19
2809,Tuqay Bağları Restoran-2777-2781-2782-2783-2784-2785-2786-2790-2791-2792-2801-2802-2805-2806-2807-2808-2809,2%,Рестораны,https://www.rabitabank.com/castnye-klienty/partnery/tuqay-baglari-rus-2777-2781-2782-2783-2784-2785-2786-2790-2791-2792-2801-2802-2805-2806-2807-2808-2809,https://www.rabitabank.com/resized/resize0x100/center/pages/2809/aden-logo.jpg,19
2802,Lola Cake Baku,2%,Рестораны,https://www.rabitabank.com/castnye-klienty/partnery/lola-cake-baku-ru,https://www.rabitabank.com/resized/resize0x100/center/pages/2802/logo-lola.jpg,19
2792,ormadokaffeehausbaku,2%,Рестораны,https://www.rabitabank.com/castnye-klienty/partnery/ormadokaffeehausbaku-ru,https://www.rabitabank.com/resized/resize0x100/center/pages/2792/ormado-logo.jpg,19
2790,TWOBros. Pizza&More,2%,Рестораны,https://www.rabitabank.com/castnye-klienty/partnery/twobros-pizza-more-ru,https://www.rabitabank.com/resized/resize0x100/center/pages/2790/twobros-logo.jpg,19
2786,Hollywood Restaurant,2%,Рестораны,https://www.rabitabank.com/castnye-klienty/partnery/hollywood-restaurant-ru,https://www.rabitabank.com/resized/resize0x100/center/pages/2786/hollyvood-logo.jpg,19
2785,Baxımlı cosmetics,2%,Kрасотa и здоровье,https://www.rabitabank.com/castnye-klienty/partnery/baximli-cosmetics-ru,https://www.rabitabank.com/resized/resize0x100/center/pages/2785/baximli-logo.jpg,19
2775,SushiTV,2%,Рестораны,https://www.rabitabank.com/castnye-klienty/partnery/sushi-tv-rus,https://www.rabitabank.com/resized/resize0x100/center/pages/2775/sushitv-logo.jpg,19
2773,Lave Me Manicure Boutique,2%,Kрасотa и здоровье,https://www.rabitabank.com/castnye-klienty/partnery/lave-me-ru,https://www.rabitabank.com/resized/resize0x100/center/pages/2773/logo-love-me.jpg,19
2769,Makhara,2%,Рестораны,https://www.rabitabank.com/castnye-klienty/partnery/makhara-ru,https://www.rabitabank.com/resized/resize0x100/center/pages/2769/makharashekil.jpg,19
2767,Rads Optika,2%,Аптека,https://www.rabitabank.com/castnye-klienty/partnery/rads-optika-ru,https://www.rabitabank.com/resized/resize0x100/center/pages/2767/rads-iptoka-logo.jpg,19
2766,Ali Roasting,2%,Рестораны,https://www.rabitabank.com/castnye-klienty/partnery/ali-roasting-3,https://www.rabitabank.com/resized/resize0x100/center/pages/2766/aliroastinglogo.jpg,20
2761,The Hill,2%,Рестораны,https://www.rabitabank.com/castnye-klienty/partnery/the-hill-3,https://www.rabitabank.com/resized/resize0x100/center/pages/2761/thehilllogo.jpg,20
2667,Noutbuklar.az,2%,Электроника,https://www.rabitabank.com/castnye-klienty/partnery/noutbuklar-az-ru,https://www.rabitabank.com/resized/resize0x100/center/pages/2667/noutbuk-az-1.jpg,20
2585,Böyük Qala Coffee Shop,2%,Рестораны,https://www.rabitabank.com/castnye-klienty/partnery/boyuk-qala-coffee-shop3,https://www.rabitabank.com/resized/resize0x100/center/pages/2585/boyuk-qala-logo.jpg,20
2529,ST-Pilates,2%,Kрасотa и здоровье,https://www.rabitabank.com/castnye-klienty/partnery/st-pilates3,https://www.rabitabank.com/resized/resize0x100/center/pages/2529/st-pil.jpg,20
2491,MY WHEELS,2%,Автосервис,https://www.rabitabank.com/castnye-klienty/partnery/my-wheels3,https://www.rabitabank.com/resized/resize0x100/center/pages/2491/my-wheels.jpg,20
2485,Trend 313,2%,Одежда и аксессуары,https://www.rabitabank.com/castnye-klienty/partnery/trend-3133,https://www.rabitabank.com/resized/resize0x100/center/pages/2485/logo-1.jpg,20
2407,Texnousta,2%,Электроника,https://www.rabitabank.com/castnye-klienty/partnery/texnousta3,https://www.rabitabank.com/resized/resize0x100/center/pages/2407/56.jpg,20
2351,Glam Style by Sabina Aliyeva,2%,Kрасотa и здоровье,https://www.rabitabank.com/castnye-klienty/partnery/glam-style-by-sabina-aliyevaru,https://www.rabitabank.com/resized/resize0x100/center/pages/2351/logo-glam.jpg,20
2326,Yurd Hotel,2%,Гостиницы,https://www.rabitabank.com/castnye-klienty/partnery/yurd-hotel-ru,https://www.rabitabank.com/resized/resize0x100/center/pages/2326/yurd.png,20
2325,Evdə Bakery,2%,Кондитерские,https://www.rabitabank.com/castnye-klienty/partnery/evde-bakery-ru,https://www.rabitabank.com/resized/resize0x100/center/pages/2325/evde.jpg,20
2322,Experix Avto Expertiz,2%,Автосервис,https://www.rabitabank.com/castnye-klienty/partnery/experix-avto-expertiz3,https://www.rabitabank.com/resized/resize0x100/center/pages/2322/logo-0.jpg,20
2317,Karandashstore,2%,Для детей,https://www.rabitabank.com/castnye-klienty/partnery/karandashstore3,https://www.rabitabank.com/resized/resize0x100/center/pages/2317/logo.png,20
2306,n21,2%,Электроника,https://www.rabitabank.com/castnye-klienty/partnery/n21-ru,https://www.rabitabank.com/resized/resize0x100/center/pages/2306/download-1-0.png,20
2304,Butterflies uşaq bağçası,2%,Для детей,https://www.rabitabank.com/castnye-klienty/partnery/butterflies-usaq-bagcasi3,https://www.rabitabank.com/resized/resize0x100/center/pages/2304/304986957-614688046946930-2425731122889320008-n.jpg,20
2298,Lavender Flowers Boutique,2%,Подарки,https://www.rabitabank.com/castnye-klienty/partnery/lavender-flowers-boutique3,https://www.rabitabank.com/resized/resize0x100/center/pages/2298/126520994-150727723452461-9022836481651490042-n.jpg,20
2292,Sophiss.az,2%,Kосметика,https://www.rabitabank.com/castnye-klienty/partnery/sophissaz3,https://www.rabitabank.com/resized/resize0x100/center/pages/2292/767a6a130402795617fbd0a6fa72.jpg,20
2172,TAAM Restaurant,2%,Рестораны,https://www.rabitabank.com/castnye-klienty/partnery/taam-restaurant-ru,https://www.rabitabank.com/resized/resize0x100/center/pages/2172/taam.png,20
2170,Oyal,2%,Покупка,https://www.rabitabank.com/castnye-klienty/partnery,https://www.rabitabank.com/resized/resize0x100/center/pages/2170/aaaaaa.jpg,20
2168,BabyChick,2%,Для детей,https://www.rabitabank.com/castnye-klienty/partnery,https://www.rabitabank.com/resized/resize0x100/center/pages/2168/babyy.png,20
2166,Pilates Studio by Gunay Aghayeva,2%,Kрасотa и здоровье,https://www.rabitabank.com/castnye-klienty/partnery,https://www.rabitabank.com/resized/resize0x100/center/pages/2166/pil.jpg,21
2157,Aladdin,2%,Покупка,https://www.rabitabank.com/castnye-klienty/partnery/aladdin-ru,https://www.rabitabank.com/resized/resize0x100/center/pages/2157/aladdin-logo.png,21
2028,Zakaz Online Supermarket,2%,Покупка,https://www.rabitabank.com/castnye-klienty/partnery/zakaz-online-supermarket-3,https://www.rabitabank.com/resized/resize0x100/center/pages/2028/zakaz.png,21
2023,Tac Gift,2%,Покупка,https://www.rabitabank.com/castnye-klienty/partnery/tac-gift-3,https://www.rabitabank.com/resized/resize0x100/center/pages/2023/taccc.png,21
2020,Mərmər Qranit Dizayn İnşaat,2%,Ремонт,https://www.rabitabank.com/castnye-klienty/partnery/mermer-qranit-dizayn-insaat-3,https://www.rabitabank.com/resized/resize0x100/center/pages/2020/mermer.jpg,21
2012,Velo.az,2%,Развлечения,https://www.rabitabank.com/castnye-klienty/partnery/veloaz-3,https://www.rabitabank.com/resized/resize0x100/center/pages/2012/veloazzz.jpg,21
2002,Kruasan Bakery,2%,Кондитерские,https://www.rabitabank.com/castnye-klienty/partnery/kruasan-bakery-3,https://www.rabitabank.com/resized/resize0x100/center/pages/2002/kruasan.png,21
1967,Lider İnşaat,2%,Ремонт,https://www.rabitabank.com/castnye-klienty/partnery/lider-insaat-3,https://www.rabitabank.com/resized/resize0x100/center/pages/1967/lider.png,21
1955,Texno Gallery,2%,Электроника,https://www.rabitabank.com/castnye-klienty/partnery/texno-gallery-3,https://www.rabitabank.com/resized/resize0x100/center/pages/1955/texno.jpg,21
1951,Castello Mebel,2%,Мебель,https://www.rabitabank.com/castnye-klienty/partnery/castello-mebel-3,https://www.rabitabank.com/resized/resize0x100/center/pages/1951/logo-mebel.png,21
1869,Arslan group,2%,Автосервис,https://www.rabitabank.com/castnye-klienty/partnery/arslan-group-3,https://www.rabitabank.com/resized/resize0x100/center/pages/1869/arslan.png,21
1867,Pazolini Azərbaycan,2%,Одежда и аксессуары,https://www.rabitabank.com/castnye-klienty/partnery/pazolini-azerbaycan-3,https://www.rabitabank.com/resized/resize0x100/center/pages/1867/pazolini.PNG,21
1777,Gadget Shop,2%,Электроника,https://www.rabitabank.com/castnye-klienty/partnery/gadget-shop-3,https://www.rabitabank.com/resized/resize0x100/center/pages/1777/gadgetshop-logo.PNG,21
1759,Perla,2%,Покупка,https://www.rabitabank.com/castnye-klienty/partnery/perla-3,https://www.rabitabank.com/resized/resize0x100/center/pages/1759/perla.png,21
1688,Furqan avto,2%,Автосервис,https://www.rabitabank.com/castnye-klienty/partnery/furqan-avto-3,,21
1664,Avtotəkər.az,2%,Автосервис,https://www.rabitabank.com/castnye-klienty/partnery/avtotekeraz-3,https://www.rabitabank.com/resized/resize0x100/center/pages/1664/avtoteker-logo.jpg,21
1648,Darçın Aptek,2%,Аптека,https://www.rabitabank.com/castnye-klienty/partnery/darcin-aptek-3,https://www.rabitabank.com/resized/resize0x100/center/pages/1648/darcin-aptek.png,21
1641,Monamour,2%,Одежда и аксессуары,https://www.rabitabank.com/castnye-klienty/partnery/monamour-ru,https://www.rabitabank.com/resized/resize0x100/center/pages/1641/dark-logo-white-background.jpg,21
1632,Violeta Patisserie,2%,Рестораны,https://www.rabitabank.com/castnye-klienty/partnery/violeta-patisserie-3,https://www.rabitabank.com/resized/resize0x100/center/pages/1632/violeta.PNG,21
1617,Növbahar Restoran,2%,Рестораны,https://www.rabitabank.com/castnye-klienty/partnery/novbahar-restoran-3,https://www.rabitabank.com/resized/resize0x100/center/pages/1617/novbahar.PNG,21
1612,Newkond,2%,Электроника,https://www.rabitabank.com/castnye-klienty/partnery/newkond-3,https://www.rabitabank.com/resized/resize0x100/center/pages/1612/newcond-logo-2.png,22
1560,NoteComp,2%,Электроника,https://www.rabitabank.com/castnye-klienty/partnery/notecomp-3,https://www.rabitabank.com/resized/resize0x100/center/pages/1560/notecomp.png,22
1526,Cıdır Restoranı,2%,Рестораны,https://www.rabitabank.com/castnye-klienty/partnery/cidir-ru,https://www.rabitabank.com/resized/resize0x100/center/pages/1526/download.png,22
2876,Nefertum.az,17%,Клиники,https://www.rabitabank.com/castnye-klienty/partnery/nefertum-ru,https://www.rabitabank.com/resized/resize0x100/center/pages/2876/refertum.jpg,22
2413,Edmurcraft.az,15%,Покупка,https://www.rabitabank.com/castnye-klienty/partnery/edmurcraftaz3,https://www.rabitabank.com/resized/resize0x100/center/pages/2413/edmur.jpg,22
1901,SAHİB Perfumery & Cosmetics,12%,Kосметика,https://www.rabitabank.com/castnye-klienty/partnery/sahib-perfumery-cosmetics-3,https://www.rabitabank.com/resized/resize0x100/center/pages/1901/sahib-logo.png,22
3557,Giftbox By Ulkar Aghayeva,10%,Подарки,https://www.rabitabank.com/castnye-klienty/partnery/giftbox-by-ulkar-aghayeva-ru,https://www.rabitabank.com/resized/resize0x100/center/pages/3557/screenshot-2025-10-10-at-103513.png,22
3522,Newkond-3329-3330-3331-3332-3333-3345-3350-3351-3352-3354-3355-3356-3357-3364-3365-3441-3442-3443-3446-3447-3448-3449-3450-3451-3452-3453-3455-3463-3467-3468-3469-3470-3499-3500-3520-3521-3522,10%,Рестораны,https://www.rabitabank.com/castnye-klienty/partnery/newkond-3-3329-3330-3331-3332-3333-3345-3350-3351-3352-3354-3355-3356-3357-3364-3365-3441-3442-3443-3446-3447-3448-3449-3450-3451-3452-3453-3455-3463-3467-3468-3469-3470-3499-3500-3520-3521-3522,https://www.rabitabank.com/resized/resize0x100/center/pages/3522/screenshot-2025-09-15-at-94729-am.png,22
3470,Newkond-3329-3330-3331-3332-3333-3345-3350-3351-3352-3354-3355-3356-3357-3364-3365-3441-3442-3443-3446-3447-3448-3449-3450-3451-3452-3453-3455-3463-3467-3468-3469-3470,10%,Продукты питания,https://www.rabitabank.com/castnye-klienty/partnery/newkond-3-3329-3330-3331-3332-3333-3345-3350-3351-3352-3354-3355-3356-3357-3364-3365-3441-3442-3443-3446-3447-3448-3449-3450-3451-3452-3453-3455-3463-3467-3468-3469-3470,https://www.rabitabank.com/resized/resize0x100/center/pages/3470/img-20250813-wa0007.jpg,22
3463,Newkond-3329-3330-3331-3332-3333-3345-3350-3351-3352-3354-3355-3356-3357-3364-3365-3441-3442-3443-3446-3447-3448-3449-3450-3451-3452-3453-3455-3463,10%,Подарки,https://www.rabitabank.com/castnye-klienty/partnery/newkond-3-3329-3330-3331-3332-3333-3345-3350-3351-3352-3354-3355-3356-3357-3364-3365-3441-3442-3443-3446-3447-3448-3449-3450-3451-3452-3453-3455-3463,https://www.rabitabank.com/resized/resize0x100/center/pages/3463/whatsapp-image-2025-08-13-at-163228-1.png,22
3452,Newkond-3329-3330-3331-3332-3333-3345-3350-3351-3352-3354-3355-3356-3357-3364-3365-3441-3442-3443-3446-3447-3448-3449-3450-3451-3452,10%,Рестораны,https://www.rabitabank.com/castnye-klienty/partnery/newkond-3-3329-3330-3331-3332-3333-3345-3350-3351-3352-3354-3355-3356-3357-3364-3365-3441-3442-3443-3446-3447-3448-3449-3450-3451-3452,https://www.rabitabank.com/resized/resize0x100/center/pages/3452/pavlin-logo-1.png,22
3441,Newkond-3329-3330-3331-3332-3333-3345-3350-3351-3352-3354-3355-3356-3357-3364-3365-3441,10%,Для детей,https://www.rabitabank.com/castnye-klienty/partnery/newkond-3-3329-3330-3331-3332-3333-3345-3350-3351-3352-3354-3355-3356-3357-3364-3365-3441,https://www.rabitabank.com/resized/resize0x100/center/pages/3441/whatsapp-image-2025-07-05-at-081125-1.png,22
3350,Newkond-3329-3330-3331-3332-3333-3345-3350,10%,Покупка,https://www.rabitabank.com/castnye-klienty/partnery/newkond-3-3329-3330-3331-3332-3333-3345-3350,https://www.rabitabank.com/resized/resize0x100/center/pages/3350/img-20250621-wa0001.jpg,22
3307,Khazina-3302-3303-3304-3305-3306-3307,10%,Одежда и аксессуары,https://www.rabitabank.com/castnye-klienty/partnery/khazina-ru-3302-3303-3304-3305-3306-3307,https://www.rabitabank.com/resized/resize0x100/center/pages/3307/unknown-1-3-1.png,22
3279,50 Tons of Parfume,10%,Kрасотa и здоровье,https://www.rabitabank.com/castnye-klienty/partnery/50-tons-of-parfume-ru,https://www.rabitabank.com/resized/resize0x100/center/pages/3279/screenshot-2025-05-15-at-113044.png,22
3255,Hot Dog Mak's-3242-3246-3249-3250-3251-3252-3253-3254-3255,10%,Покупка,https://www.rabitabank.com/castnye-klienty/partnery/hot-dog-maks-ru-3242-3246-3249-3250-3251-3252-3253-3254-3255,https://www.rabitabank.com/resized/resize0x100/center/pages/3255/unknown-18.png,22
3252,Hot Dog Mak's-3242-3246-3249-3250-3251-3252,10%,Одежда и аксессуары,https://www.rabitabank.com/castnye-klienty/partnery/hot-dog-maks-ru-3242-3246-3249-3250-3251-3252,https://www.rabitabank.com/resized/resize0x100/center/pages/3252/unknown-15.png,22
3251,Hot Dog Mak's-3242-3246-3249-3250-3251,10%,Одежда и аксессуары,https://www.rabitabank.com/castnye-klienty/partnery/hot-dog-maks-ru-3242-3246-3249-3250-3251,https://www.rabitabank.com/resized/resize0x100/center/pages/3251/img-20250409-wa0011-0.jpg,22
3237,Coffee Riss,10%,Рестораны,https://www.rabitabank.com/castnye-klienty/partnery/coffee-riss-ru,https://www.rabitabank.com/resized/resize0x100/center/pages/3237/screenshot-2025-03-18-at-102422.png,22
3228,Sforza Baku,10%,Одежда и аксессуары,https://www.rabitabank.com/castnye-klienty/partnery/sforza-baku-ru,https://www.rabitabank.com/resized/resize0x100/center/pages/3228/screenshot-2025-03-06-at-123546.png,22
3198,Mansoor's Pizza,10%,Рестораны,https://www.rabitabank.com/castnye-klienty/partnery/mansoor-pizza-ru,https://www.rabitabank.com/resized/resize0x100/center/pages/3198/img-20250109-wa0015.jpg,23
3143,Portopizza.az,10%,Рестораны,https://www.rabitabank.com/castnye-klienty/partnery/porto-pizza-ru,https://www.rabitabank.com/resized/resize0x100/center/pages/3143/logo-porto.png,23
3108,RO Cafe,10%,Рестораны,https://www.rabitabank.com/castnye-klienty/partnery/ro-cafe-ru,https://www.rabitabank.com/resized/resize0x100/center/pages/3108/ro.jpg,23
3107,Rəmzioğlu Paxlava,10%,Рестораны,https://www.rabitabank.com/castnye-klienty/partnery/remzioglu-paxlava-ru,https://www.rabitabank.com/resized/resize0x100/center/pages/3107/erere.jpg,23
3093,Zero Karaoke & Longe,10%,Рестораны,https://www.rabitabank.com/castnye-klienty/partnery/zero-karaoke-ru,https://www.rabitabank.com/resized/resize0x100/center/pages/3093/zero.jpg,23
3077,Rivoli café and terrace,10%,Рестораны,https://www.rabitabank.com/castnye-klienty/partnery/rivoli-cafe-and-terrace-ru,https://www.rabitabank.com/resized/resize0x100/center/pages/3077/373669199-654350080094142-7485206230096906187-n.jpg,23
2994,Meetpoint coffee,10%,Рестораны,https://www.rabitabank.com/castnye-klienty/partnery/meetpoint-coffee,https://www.rabitabank.com/resized/resize0x100/center/pages/2994/unknown-4.png,23
2929,Olsun Fast food,10%,Рестораны,https://www.rabitabank.com/castnye-klienty/partnery/olsun-fast-food-ru,https://www.rabitabank.com/resized/resize0x100/center/pages/2929/olsun-1.jpg,23
2845,Jump and Play,10%,Для детей,https://www.rabitabank.com/castnye-klienty/partnery/jump-and-play-ru,https://www.rabitabank.com/resized/resize0x100/center/pages/2845/jump-and-play-logo.jpg,23
2505,Lazeez Restaurant,10%,Рестораны,https://www.rabitabank.com/castnye-klienty/partnery/lazeez-restaurant3,https://www.rabitabank.com/resized/resize0x100/center/pages/2505/lazez.jpg,23
2488,Palato café,10%,Рестораны,https://www.rabitabank.com/castnye-klienty/partnery/palato-cafe3,https://www.rabitabank.com/resized/resize0x100/center/pages/2488/palato.jpg,23
2437,Rich Saat,10%,Одежда и аксессуары,https://www.rabitabank.com/castnye-klienty/partnery/rich-saat3,https://www.rabitabank.com/resized/resize0x100/center/pages/2437/ksr.png,23
2433,Öz bərbərim,10%,Kрасотa и здоровье,https://www.rabitabank.com/castnye-klienty/partnery/oz-berberim3,https://www.rabitabank.com/resized/resize0x100/center/pages/2433/sx.jpg,23
2403,Gallery4Kids,10%,Для детей,https://www.rabitabank.com/castnye-klienty/partnery/gallery4kids3,https://www.rabitabank.com/resized/resize0x100/center/pages/2403/gallery4.png,23
2398,Dent Hall Clinic,10%,Клиники,https://www.rabitabank.com/castnye-klienty/partnery/dent-hall-clinic3,https://www.rabitabank.com/resized/resize0x100/center/pages/2398/secepepepepepe.jpg,23
2301,Leyla Optika,10%,Аптека,https://www.rabitabank.com/castnye-klienty/partnery/leyla-optika123,https://www.rabitabank.com/resized/resize0x100/center/pages/2301/ogi-9215-1841.jpg,23
2295,Sushi Club,10%,Рестораны,https://www.rabitabank.com/castnye-klienty/partnery/sushi-club3,https://www.rabitabank.com/resized/resize0x100/center/pages/2295/2619398-16398239444367-original.jpg,23
2140,Fresh Cleaning,10%,Сервисы,https://www.rabitabank.com/castnye-klienty/partnery,https://www.rabitabank.com/resized/resize0x100/center/pages/2140/fresh.png,23
2040,Darayi Accessories,10%,Одежда и аксессуары,https://www.rabitabank.com/castnye-klienty/partnery/darayi-accessories-3,https://www.rabitabank.com/resized/resize0x100/center/pages/2040/darayi.jpg,23
2016,Sky Glass,10%,Ремонт,https://www.rabitabank.com/castnye-klienty/partnery/sky-glass-3,https://www.rabitabank.com/resized/resize0x100/center/pages/2016/skyy.png,23
1887,Marine pub,10%,Рестораны,https://www.rabitabank.com/castnye-klienty/partnery/marine-pub-3,https://www.rabitabank.com/resized/resize0x100/center/pages/1887/marine.png,24
1735,Gallery gifts and flowers,10%,Подарки,https://www.rabitabank.com/castnye-klienty/partnery/gallery-gifts-and-flowers-3,https://www.rabitabank.com/resized/resize0x100/center/pages/1735/gallery.PNG,24
1638,18plus.az,10%,Покупка,https://www.rabitabank.com/castnye-klienty/partnery/18plusaz-3,https://www.rabitabank.com/resized/resize0x100/center/pages/1638/18-plus.png,24
1633,Elixir by Chayland,10%,Покупка,https://www.rabitabank.com/castnye-klienty/partnery/elixir-by-chayland-3,https://www.rabitabank.com/resized/resize0x100/center/pages/1633/elixir-by-chayland.jpg,24
1590,Системы очистки воды Aysberq,10%,Покупка,https://www.rabitabank.com/castnye-klienty/partnery/sistemy-ocistki-vody-aysberq,https://www.rabitabank.com/resized/resize0x100/center/pages/1590/aysberq-loqo.jpg,24
1589,Vintaj,10%,Одежда и аксессуары,https://www.rabitabank.com/castnye-klienty/partnery/vintaj-3,https://www.rabitabank.com/resized/resize0x100/center/pages/1589/aa.jpg,24
2601,Zoo / Zoo Shop Sevimliler,1%,Ветеринария,https://www.rabitabank.com/castnye-klienty/partnery/zoo-zoo-shop-sevimliler3,https://www.rabitabank.com/resized/resize0x100/center/pages/2601/zoo-sevimliler-logo.jpg,24
2591,El Art Travel,1%,Турагентствa,https://www.rabitabank.com/castnye-klienty/partnery/el-art-travel3,https://www.rabitabank.com/resized/resize0x100/center/pages/2591/el-art-logo.jpg,24
2531,R&R Travel Company,1%,Турагентствa,https://www.rabitabank.com/castnye-klienty/partnery/rr-travel-company3,https://www.rabitabank.com/resized/resize0x100/center/pages/2531/rrrr.jpg,24
1893,Travel Gate,1%,Турагентствa,https://www.rabitabank.com/castnye-klienty/partnery/travel-gate-3,https://www.rabitabank.com/resized/resize0x100/center/pages/1893/travelgate.png,24
1820,Aytən Studio,1%,Kрасотa и здоровье,https://www.rabitabank.com/castnye-klienty/partnery/ayten-studio-3,,24
1796,Toyota Gəncə Mərkəzi,1%,Автосервис,https://www.rabitabank.com/castnye-klienty/partnery/toyota-gence-merkezi-3,,24
1743,Ekonom taksi *9111,1%,Tакси,https://www.rabitabank.com/castnye-klienty/partnery/ekonom-taksi-9111-3,https://www.rabitabank.com/resized/resize0x100/center/pages/1743/ekonom-taksi.png,24
1711,Alfa Electronics,1%,Электроника,https://www.rabitabank.com/castnye-klienty/partnery/alfa-electronics-3,https://www.rabitabank.com/resized/resize0x100/center/pages/1711/305810811-460809182729311-4770879742672027704-n.jpg,24
1696,La Lux,1%,Одежда и аксессуары,https://www.rabitabank.com/castnye-klienty/partnery/la-lux-3,https://www.rabitabank.com/resized/resize0x100/center/pages/1696/la-lux-logo.jpg,24
1655,Aviatour.az,1%,Турагентствa,https://www.rabitabank.com/castnye-klienty/partnery/aviatouraz-3,https://www.rabitabank.com/resized/resize0x100/center/pages/1655/aviatour.jpg,24
3101,Medservis Medical,1.5%,Клиники,https://www.rabitabank.com/castnye-klienty/partnery/medservis-medical-ru,https://www.rabitabank.com/resized/resize0x100/center/pages/3101/358065690-962620238357803-4111661874037293819-n.jpg,24
